content,publish_time,like_num,forward_num,comment_num
在海拔1445米的越野圣地舍克尔山，G级越野车自1979年起便在此淬炼。2025 AMG & 大G车主俱乐部海外探秘之旅中，车主在这里亲历“新越野三件套”（Off-Road Crawl智能越野爬行、G-STEERING转向、G-TURN原地调头），领鉴纯电G级越野车的悍然实力。带话题#征服从G开始##G级硬核时刻# 评论或转发，聊聊你们...全文 [组图共12张] 原图 ,2025-07-30 14:20,101,28,18
奔驰和宝🐎的合照好友搭配，快乐加“备”打开#全新纯电CLA#101L前备箱解锁满载惊喜网页链接包快乐的！#国际友谊日#  [组图共2张] 原图 ,2025-07-30 10:00,1062,39,139
#北京是家，风雨同行#梅赛德斯-奔驰星愿基金与经销商伙伴驰援北京暴雨灾区。包括帐篷、被褥、折叠床、风扇、方便食品在内的第一批急需物资将在明天送达受困群众手中，为帮助灾区同胞渡过难关提供绵薄之力。  原图 ,2025-07-29 23:35,272,19,54
2025梅赛德斯杯中国总决赛巅峰对决精彩收官，热烈祝贺三位胜出选手，他们将代表中国，于金秋十月征战德国斯图加特世界总决赛，向世界展现中国高尔夫的风采！本次赛事的中线最佳表现选手，将有幸踏上英国皇家波特拉什的荣耀之旅，感受历史最为悠久的殿堂级赛事The Open英国公开赛的传奇魅力！在绿...全文 ,2025-07-29 20:04,274,20,22
和挚友一同背起球包奔赴热爱所在的果岭之境驰骋之间，是风景亦是臻境挥杆之间，是竞技亦是从容阔步奔驰，终抵同一片山海天地#2025梅赛德斯杯中国总决赛##挥洒间洞见天地# 梅赛德斯-奔驰的微博视频  ,2025-07-27 13:12,71,15,33
在海拔1445米的越野圣地舍克尔山，G级越野车自1979年起便在此淬炼。2025 AMG & 大G车主俱乐部海外探秘之旅中，车主在这里亲历“新越野三件套”（Off-Road Crawl智能越野爬行、G-STEERING转向、G-TURN原地调头），领鉴纯电G级越野车的悍然实力。带话题#征服从G开始##G级硬核时刻# 评论或转发，聊聊你们...全文 [组图共12张] 原图 ,2025-07-30 14:20,101,28,18
奔驰和宝🐎的合照好友搭配，快乐加“备”打开#全新纯电CLA#101L前备箱解锁满载惊喜网页链接包快乐的！#国际友谊日#  [组图共2张] 原图 ,2025-07-30 10:00,1062,39,139
#北京是家，风雨同行#梅赛德斯-奔驰星愿基金与经销商伙伴驰援北京暴雨灾区。包括帐篷、被褥、折叠床、风扇、方便食品在内的第一批急需物资将在明天送达受困群众手中，为帮助灾区同胞渡过难关提供绵薄之力。  原图 ,2025-07-29 23:35,272,19,54
2025梅赛德斯杯中国总决赛巅峰对决精彩收官，热烈祝贺三位胜出选手，他们将代表中国，于金秋十月征战德国斯图加特世界总决赛，向世界展现中国高尔夫的风采！本次赛事的中线最佳表现选手，将有幸踏上英国皇家波特拉什的荣耀之旅，感受历史最为悠久的殿堂级赛事The Open英国公开赛的传奇魅力！在绿...全文 ,2025-07-29 20:04,274,20,22
和挚友一同背起球包奔赴热爱所在的果岭之境驰骋之间，是风景亦是臻境挥杆之间，是竞技亦是从容阔步奔驰，终抵同一片山海天地#2025梅赛德斯杯中国总决赛##挥洒间洞见天地# 梅赛德斯-奔驰的微博视频  ,2025-07-27 13:12,71,15,33
一镜到底的S级氛围感，谁懂😍踏上专属发光迈巴赫标识迎宾踏板✨开门，入座，一触Nappa真皮内饰的柔软🥰沉浸于主动式环境氛围灯的光影流转🎆即刻与梅赛德斯-迈巴赫S级轿车一起品味这场夜色之旅🌃#迈STYLE# 梅赛德斯-奔驰的微博视频  ,2025-07-26 17:00,110,14,18
夏日防“shy”☝️还好有#全新纯电CLA#全景式天幕可同时实现99.9%的紫外线与98.3%的红外线防护，防晒双重保护⛱️这一“夏”，大胆出街！🚘 梅赛德斯-奔驰的微博视频  ,2025-07-25 13:44,174,11,40
二十三载征途再启，2025梅赛德斯杯中国总决赛，即将于海南万宁·神州高尔夫球会优雅开杆。 果岭如镜，椰风轻拂，光影流转时，挥洒天地间。 通往德国世界总决赛的荣耀席位，以及英国公开赛的沉浸式球赛体验席位将在此揭晓。品牌使者梁文冲携全国球手整装集结，一同奔赴高光时刻。#挥洒间洞见天地...全文 ,2025-07-25 10:00,346,46,24
一场仪式感拉满的S级果岭之约⛳️喝一杯咖啡☕️、行一程绿道🚘、见证一次挥杆🏌️♂️开#S级轿车#下场打球的仪式感从不让人失望球场中的优雅瞬间它都懂不喧不扰，仿佛你的型格延续🕴️落座其中，风景与心绪都找到合适的位置🌿🪟2025梅赛德斯杯全国总决赛即将启幕120位车友选手将...全文 ,2025-07-24 09:45,550,44,62
爱，如#奔驰大G#般鲜明。   [组图共3张] 原图 ,2025-07-23 10:00,216,31,36
#大暑#🌞纳凉🍃有瓜🍉速来上车🚙「梅赛德斯-奔驰 消暑大篷车」正式营业🈺线上吃瓜，奔驰#V级MPV# 邀你入座三伏天的吃瓜自由，是大V给的！  [组图共8张] 原图 ,2025-07-22 10:00,86,14,19
山川不曾动摇，而迈巴赫的旅人亦如群山般坚定百年时光轮转，当阿尔卑斯的晨光再次照见迈巴赫这已不止是汽车的远行，而是时光与精神的共赴#迈巴赫SW38##迈巴赫百年蜜月之旅# 梅赛德斯-奔驰的微博视频  ,2025-07-21 10:00,83,12,27
飞驰在曲折的盘山道，优雅驻留于千年古堡旁时光里的迈巴赫，经得起每一个弯道的考验，也受的住每一寸时光的凝视#迈巴赫S级轿车##迈巴赫百年蜜月之旅# 梅赛德斯-奔驰的微博视频  ,2025-07-20 10:00,106,19,16
当2025年的梅赛德斯-迈巴赫车队🚙重启一场1925年一对德国夫妇的2200公里的阿尔卑斯山冒险之旅🏔️在当代车型与“高山征服者”迈巴赫22/70 hp W3的跨世纪对话中感知来自百年前5.7升直列六缸发动机（70马力/2200转）的强大性能用现代科技致敬百年传奇🫡续写迈巴赫“无惧挑战、追求卓越”的...全文 [组图共17张] 原图 ,2025-07-19 11:00,126,14,21
阿尔卑斯的群山之间，藏着最炽热的浪漫从1925到2025，迈巴赫穿越阿尔卑斯重启百年蜜月之旅，于“巅峰”之上见巅峰#迈巴赫SL##迈巴赫百年蜜月之旅# 梅赛德斯-奔驰的微博视频  ,2025-07-19 10:00,105,13,24
"转发理由:开奔驰，坐奔驰，玩奔驰🥳 车手们，快上车！我们热湾见🫡  
原始用户: 极品飞车集结
转发内容: #极品飞车集结[超话]# 极品飞车：集结与梅赛德斯-奔驰奔驰合作，将腾讯首个开放世界赛车手游带入奔驰第三代MBUX 智能人机交互系统。正值《极品飞车：集结》一周年之际，为第三代MBUX车机系统定制的版本已经于7.16正式上线。继移动设备和PC后，玩家也可以在奔驰车机上畅享《极品飞车：集结》带给你的...全文 [组图共9张] 原图 ",2025-07-18 19:43,54,6,10
谁懂🥹在现实世界看见了「超现实主义座驾」！全新纯电CLA✖️KidSuper拉力赛车顶架🚙灵感源自奔驰F200 Imagination概念车的轮毂🛞还有挂在车身上可以随时带你“起飞”的热气球🎈……用牛仔帆布与铆钉拼贴打造的外壳下是未泯的童心和天马行空的想象力💭来！坐上这辆「满血状态」的...全文 [组图共12张] 原图 ,2025-07-18 14:14,453,22,79
古堡周末的dress code：复古黑。  [组图共2张] 原图 ,2025-07-18 10:00,122,17,24
好天气值得一个好排面。#迈巴赫S级#  [组图共3张] 原图 ,2025-07-17 14:00,255,22,61
👩➕🚙➕💐➕🐶🟰❓#世界emoji日# 今天你emoji了吗⁉带上小狗🐶和好天气🌞花花💐和#全新纯电CLA#🚙网页链接评论区用「4个emoji」形容你今天的好心情，我先来👩➕🚙➕💐➕🐶 梅赛德斯-奔驰的微博视频  ,2025-07-17 10:00,113,9,57
一次S级的耳部SPA👂进入#S级轿车#内，一镜到底体验柏林之声🎵温馨提示：请戴上耳机观看此视频🎧 梅赛德斯-奔驰的微博视频  ,2025-07-16 20:54,1495,22,58
落日前，见一面。#CLE敞篷轿跑车#  [组图共3张] 原图 ,2025-07-16 17:00,171,21,50
有大V的夏日，总是大有乐趣！#V级MPV#  原图 ,2025-07-15 10:00,96,9,28
周一，#奔驰大G#os：GO！  原图 ,2025-07-14 10:00,445,29,106
🎾 新球已备好！🙌 摩拳擦掌，周末上场 🎾#开奔驰打网球真的很搭##网球搭子一起奔驰##CLE敞篷轿跑车# 梅赛德斯-奔驰的微博视频  ,2025-07-12 16:38,107,14,28
周末，我们就这样一起放空。#奔驰大G#  [组图共3张] 原图 ,2025-07-11 17:00,311,33,71
全新纯电CLA「限时下订有好礼」现已开启🎁限时3000元下订💰订金膨胀最高可达10倍💥享受多重惊喜🎁即刻快乐开冲🚀点击了解权益详情 速来解锁 🚗💨网页链接  [组图共5张] 原图 ,2025-07-11 16:00,447,25,105
品味：找到挚友的捷径。  [组图共4张] 原图 ,2025-07-10 17:00,168,18,46
当S级老照片动起来，尘封的故事感被唤醒。穿越时空的S级“动态”，请查收✉️左滑👈查看穿越时空的S级动态#S级轿车#  [组图共9张] 原图 ,2025-07-10 10:38,133,42,37
🐎住！绝美球场的夏日巡礼⛳️湖光山色，林影天光，奔驰高尔夫之旅，是一次次与风度和自然胜景的重逢。 自2003年进入中国，从云端高地到滨海果岭，梅赛德斯杯已与球友们走过无数绿茵。2025梅赛德斯杯中国站，和奔驰一起细数那些令人心驰神往的球场。⛰️ 张家界｜天门山作伴，每一杆都向山水致...全文 [组图共16张] 原图 ,2025-07-09 18:58,63,9,26
周中的路上，多兜一圈就是gap hour🌬️ #奔驰C级#  原图 ,2025-07-09 10:00,165,20,40
经典，新生。  [组图共3张] 原图 ,2025-07-08 10:00,305,35,77
纯白登场，绿茵开打速度兼具风度，谁看了不说是草地赛季的最佳开场「白」🎾#开奔驰打网球真的很搭##网球搭子一起奔驰#  [组图共6张] 原图 ,2025-07-06 12:00,455,20,97
周末，见G行事。#奔驰大G#  原图 ,2025-07-04 17:00,1271,131,370
CLA？包（     ）的😎包上头的💥包能装的🚘包圈粉的🤩……还想要什么？☝️#全新纯电CLA#给你包了！🫵 [组图共7张] 原图 ,2025-07-04 13:00,1159,93,327
☔️ 这一帧夜幕的高光是#S级轿车#写给雨夜的浪漫签名✨也想看看你们拍到的氛围感雨天🌧雨季，也可以是一种治愈～  [组图共6张] 原图 ,2025-07-03 18:00,516,91,186
说走就走，永远为夏日“倾心，意动”。#梅赛德斯-奔驰GLC轿跑SUV#  [组图共4张] 原图 ,2025-07-02 10:00,363,61,114
给本周个微笑😊。  原图 ,2025-06-30 10:00,1979,20637,463
选择困难症慎入❗️选哪个颜色的#全新纯电CLA#？反正我是根本选不出来！🤯因为……每一款车色我！都！想！要！💓 梅赛德斯-奔驰的微博视频  ,2025-06-27 17:20,411,30,259
准备好参加#迈巴赫S级#的周末邀约了吗？  [组图共3张] 原图 ,2025-06-27 10:00,202,19,44
S级氛围感，很难抗拒。#S级轿车#  [组图共4张] 原图 ,2025-06-26 17:00,255,28,51
⛳️ 高球礼仪101｜动亦从容，静亦有度在#高尔夫#的世界里，先于挥杆的，是礼仪它不在规则之中，却深植于举止之间🏌️每一次挥杆前的绝对静谧既是对球员专注的尊重亦是高球运动独有的仪式感S级轿车与GLS SUV，与你并肩登场在挥洒之际，稳稳托起你每一次下场的从容当你俯身调整球位时草叶...全文 [组图共9张] 原图 ,2025-06-26 11:12,67,10,20
时刻准备好，“翼”起空降人生新程！🟠#C111##高考成绩#  原图 ,2025-06-25 10:05,260,24,76
#GLE轿跑SUV#哪一面车窗，是夏日最好的取景框？  [组图共3张] 原图 ,2025-06-24 10:00,229,14,50
周一，随#奔驰CLE#一起心动入镜。  原图 ,2025-06-23 10:00,410,15,117
老钱们的「夏日度假风」，松弛，自然有风。#夏至#  [组图共12张] 原图 ,2025-06-21 09:00,296,36,78
周末OOTD的缺点？是缺点#全新纯电CLA#的时髦感🚘作为一款好开、好看、好搭的炸街单品，出街即出片📸️关注并在评论区分享“周末你的炸街单品是什么？”，截止6月25日12:00，我们将抽取1位幸运粉丝送出「CLA激光镌刻随身挂杯」一个。 梅赛德斯-奔驰的微博视频  ,2025-06-20 15:00,469,75,250
👇这一辆：最小单位的度假岛。  [组图共4张] 原图 ,2025-06-20 10:00,345,35,89
查收你的「夏」场摩登型录 ⛳️高尔夫不止是精准挥杆，也是风格表达是在S级轿车，GLS SUV中自林荫驶来，节奏沉稳还是和SL 63，GLE SUV一起迎光登场，锋芒自现两种风格，都很奔驰🏌️♂️想把Golfcore生活方式带回家？从球包，T恤到球帽，奔驰高尔夫精品已经备好你的果岭日常装备⛳️点击...全文 [组图共12张] 原图 ,2025-06-19 10:00,221,15,54
S级人生体验，请对号入座。#S级轿车#  [组图共3张] 原图 ,2025-06-19 10:00,386,17,78
“欧” 气 爆 棚。  [组图共4张] 原图 ,2025-06-18 10:00,650,46,159
藏在车后的心意。#GLE轿跑SUV#  [组图共3张] 原图 ,2025-06-17 10:00,319,24,74
为本周多“花”点心思。#奔驰大G#  原图 ,2025-06-16 10:00,2334,147,361
#父亲节#，宜换上Daddy风壁纸👌请查收#S级轿车#的Daddy风型录👇   [组图共7张] 原图 ,2025-06-15 11:20,487,63,107
急急急，Crush周五发消息怎么回？#全新纯电CLA#🎙️评论区分享你和奔驰的周五chill时刻，我们将于6月18日12:00随机抽取1位幸运儿，送出「CLA激光镌刻随身挂杯」一个。 梅赛德斯-奔驰的微博视频  ,2025-06-13 18:08,8966,340,1249
高尔夫球场上，加个V？#V级MPV#  [组图共2张] 原图 ,2025-06-12 10:00,189,20,177
久等了！由奔驰携手@拳头游戏 联合呈现的#Uzi名人堂纪录片#即刻奉上！让我们一起重温👀“狂小狗”在峡谷贡献的“亿”点点传奇名场面，共享其登顶全球电竞巅峰的荣耀时刻！从「英雄联盟中国大陆赛区首席合作伙伴」，到「英雄联盟电竞赛事及其全球活动独家汽车行业伙伴」，再到2024年开始支持「英雄...全文 ,2025-06-12 00:08,167,13,110
考完了，也想开了😎想开开眼界！👀想开怀大笑！😆想开着冠军红游遍全世界的风景线🚗……想开的真的太太太太多☝️不过，最重要的还是……想开开心心解锁人生的新阶段🆙#全新纯电CLA# 梅赛德斯-奔驰的微博视频  ,2025-06-11 20:24,34750,6547,5077
有什么比夏日兜风更令人怦然心动的吗？#奔驰CLE#  原图 ,2025-06-11 10:00,175,21,78
请坐，这里是夏日舒适区C位！#奔驰C级#   [组图共2张] 原图 ,2025-06-10 10:00,205,21,74
接本周好状态：顺利到“飞起”。  原图 ,2025-06-09 10:00,382,32,105
迎接你的高光时刻#高考加油# 勇敢追光的你，值得拥有每一个高光时刻✨此刻，你只管大步奔驰，去遇见一个更耀眼的自己🌟祝所有考生，金榜题名 ，未来可期🎉  [组图共6张] 原图 ,2025-06-07 09:00,494,30,163
在6月6日晚举行的2025年“英雄联盟名人堂入选典礼”上，我们有幸与@英雄联盟赛事 一同见证了来自LPL赛区的天才“狂小狗”Uzi的荣耀时刻！同时也完成了「Uzi专属“MANUFAKTUR匠心高定”G级越野车」的车钥匙正式交付！🎉众所周知，“枣子哥”不仅在峡谷贡献无数值得再看👀“亿”遍的名场面，赛场外...全文 [组图共6张] 原图 ,2025-06-07 02:21,991,1776,269
来自#迈巴赫S级#华丽丽的祝福：心想事“橙”！ #高考加油#  [组图共4张] 原图 ,2025-06-06 10:00,474,41,140
“芒”中偷闲。#芒种#  [组图共2张] 原图 ,2025-06-05 10:00,241,20,91
#奔驰大G#回来了吗，各位探险家？  原图 ,2025-06-03 10:00,394,17,164
世界很大，但我不想长大那就继续带着“孩子气”像小时候一样，相信童话🎠 满脑好奇，对全世界发问🙋蹦蹦跳跳，化解一切烦恼🏃 六一儿童节来啦，希望大小朋友们可以不用“长大”，带着童心快乐出发🚗  [组图共9张] 原图 ,2025-06-01 08:33,703,33,177
🐈：人好，车好，大家好今日份温暖灵感，来自梅赛德斯-奔驰车主🥰#司机停车救下在马路中央的小猫#  原图 ,2025-05-31 16:08,352,27,114
安全这件事儿，#小孩说话也管用#！如何守护儿童出行安全？一棵家庭安全树，一纸安全备忘录，一本安全手工书……当小孩成为自己的“安全提案家”，在#奔驰星愿基金#与来自公安部交通管理局、公安部道路交通安全研究中心、中国青少年发展基金会、中国少年儿童新闻出版总社的专家的倡议下，更多超棒...全文 [组图共6张] 原图 ,2025-05-30 20:30,74,7,26
玉粽寻香，礼至心灵。#端午安康##奔驰##端午粽子大赏##迈巴赫# 梅赛德斯-奔驰的微博视频  ,2025-05-30 18:42,303,27,116
明天的此时此刻你在哪儿？#奔驰大G#   [组图共2张] 原图 ,2025-05-30 10:00,442,24,150
走吗?楼下等你。  [组图共3张] 原图 ,2025-05-29 17:00,365,30,259
很 难 低 调。  [组图共3张] 原图 ,2025-05-28 10:00,1620,89,835
是谁，犯“网”瘾了❤️🔥是时候了，再赴红土之约🎾球速更慢，胜利产生在那些手感细腻，心态够稳的挥拍瞬间打法要卷，但只为那一份深藏在心的“红土情结”一期一会，搓手苦等的这个传奇球场终于又来了🏜 当然了，在这里只有真正slay的，才能留下名字和第五代E级车（内部代号V123）、SL...全文 [组图共9张] 原图 ,2025-05-27 15:00,391,24,113
认真了——夏日出游的S级邀请。#S级轿车#  [组图共6张] 原图 ,2025-05-27 10:00,402,42,120
本周起点，隆重点。#迈巴赫S级#  原图 ,2025-05-26 10:00,490,17,126
随E享受周末的前调。#奔驰E级#  原图 ,2025-05-23 17:00,203,22,88
#奔驰大G#的酷，根本“蓝”不住。  [组图共6张] 原图 ,2025-05-22 10:00,1425,47,174
#小满#优雅，是一切饱满得刚刚好。  原图 ,2025-05-21 10:00,165,23,24
今天，G属于你。#520##奔驰大G#  [组图共2张] 原图 ,2025-05-20 12:00,552,39,49
热烈祝贺@UziQAQ 简自豪（昵称Uzi）正式入选英雄联盟名人堂！作为英雄联盟全球赛事独家汽车行业合作伙伴，我们很荣幸能够与@拳头游戏 @英雄联盟赛事 一同见证专属于Uzi“狂小狗”的这一传奇时刻。为致敬这位来自LPL赛区的传奇选手，我们特别打造了一辆Uzi专属的“MANUFAKTUR匠心高定”梅赛德斯-奔驰...全文 ,2025-05-20 10:49,2201,75,182
本周的高效向#VISION EQXX#看齐。  原图 ,2025-05-19 10:00,95,8,13
周末dress code：高智感。#奔驰E级#  [组图共3张] 原图 ,2025-05-16 17:00,138,23,19
🏌️♂️准备好了吗？⛳️2025梅赛德斯杯即将优雅开杆#梅赛德斯杯#在中国已书写了23年的高球传奇✨今年，我们再度携手品牌使者@梁文冲 先生与新生代天才Ludvig Åberg，以球会友，于#挥洒间洞见天地#。#高尔夫# 梅赛德斯-奔驰的微博视频  ,2025-05-16 09:45,26,10,6
#国际家庭日#就是要全家一起，尽情V笑。#奔驰V级MPV#  原图 ,2025-05-15 10:00,40,6,2
接人的排面，如图。  [组图共3张] 原图 ,2025-05-14 10:00,214,25,40
#北京冰雹#下雨天了怎么办，我好想告诉你：1️⃣雨天路滑，控制车速保持安全车距🚗2️⃣及时打开雨刮器，必要时开启雾灯💡，保障行驶能见度3️⃣打开“REAR”键以开启后视镜加热及除雾功能🌬️，去除后视镜水雾💦4️⃣打开前、后车窗除雾，提高视野清晰度👀5️⃣避开积水路段，以防发...全文 [组图共3张] 原图 ,2025-05-13 22:12,65,15,10
细节控已被控。  [组图共4张] 原图 ,2025-05-13 10:00,266,25,22
让妈妈们快乐奔驰，随她吧！速来围观飞驰的妈妈，欢乐的我你和妈妈有什么母「chi」子笑的名场面评论区一键三连，带话题#母驰子笑#晒晒你心中妈妈“奔驰”的精神状态～🎙️我们将于5月12日12点随机抽取3位粉丝派发母亲节的心意礼物㊗️妈妈们节日快乐！#母驰子笑##母亲节# 梅赛德斯-奔驰的微博视频...全文 ,2025-05-11 08:00,203,245,65
#奔驰E级#让周五的夜晚，多E点氛围感。  原图 ,2025-05-09 17:00,104,16,11
是谁还没见过会笑的#全新纯电长轴距CLA#？☝#世界微笑日#👐笑就对啦～  [组图共6张] 原图 ,2025-05-08 16:47,97,12,23
@ 和你品味一样的人下次一起坐。#迈巴赫S级#  [组图共5张] 原图 ,2025-05-08 10:00,239,19,30
前方注意，心动的惊喜还在后面~#CLE敞篷轿跑车#  [组图共2张] 原图 ,2025-05-07 10:00,180,13,15
返工第一天，假装还在海边。  [组图共2张] 原图 ,2025-05-06 10:02,130,15,27
#立夏#心动与夏日，怦然而至。#奔驰CLE#  [组图共4张] 原图 ,2025-05-05 10:00,104,13,16
#五四青年节#时刻保持自我刷新，重新认识下#全新纯电长轴距CLA#。  [组图共4张] 原图 ,2025-05-04 10:00,94,14,18
一起优雅沉浸假期vibe🌊 #五一随手拍#  [组图共3张] 原图 ,2025-05-01 10:00,170,25,18
假期的气息，小狗先闻到！  [组图共4张] 原图 ,2025-04-30 17:00,624,60,190
很经典，又是周一。#奔驰E级#  原图 ,2025-04-28 10:08,106,17,17
侬好，探展模式开启！在未来城市的多维之境，与#全新纯电长轴距CLA#一起驶入全面突破的新生之境，入座Vision V概念车沉浸在豪华的未来之境，与AMG一起加入赛道狂欢的极速之境，随迈巴赫驶入以礼为尊的至臻之境，看G级越野车征服冲破G限的传奇之境。#2025上海车展#梅赛德斯-奔驰携全品牌多款车型“星...全文 ,2025-04-26 14:30,433,24,20
G限挑战邀请已发出，即刻加入↓直击纯电G级越野车45°极限攀爬，围观G 63与G 500同场竞技。越野ICON，无论油电的每一面，都很硬核。#2025上海车展#一起征服冲破G限的传奇之境。  [组图共9张] 原图 ,2025-04-26 10:00,263,28,33
你的#2025上海车展# 🎫人脉又多一个！新平台、新科技，梅赛德斯-奔驰全品牌28款星徽座驾亮相上海车展。即日起-5月2日，📍上海国际车展4.1号馆梅赛德斯-奔驰展台，等侬来白相喏！评论区带话题#2025上海车展#说说你最想在奔驰展台看到的“星”动车型参与抽奖，截止4月28日中午12:00我们将随机选...全文 [组图共9张] 原图 ,2025-04-25 12:30,44,9,44
又一次为#2025上海车展#奔驰展台“星”动！全面突破的新生之境、尊享豪华的未来之境、赛道狂欢的极速之境、以礼为尊的至臻之境、冲破G限的传奇之境，在“未来城市的多维之境”中，一起探索充满前瞻科技与豪华质感的都市缩影，随星徽游走于“坐标—生长”的叙事脉络，解锁未来出行的无限可能。即刻前...全文 [组图共9张] 原图 ,2025-04-24 13:00,969,64,89
请入座，你的移动私享贵宾厅。Vision V概念车，以全新VAN.EA纯电架构平台打造，融合经典的创新美学，构建“私享贵宾厅”的尊享空间，塑造七重交互体验的沉浸式数字座舱，重新定义私人豪华MPV。在#2025上海车展#，与Vision V概念车一起，步入尊享豪华的未来之境。  [组图共9张] 原图 ,2025-04-24 10:00,740,60,65
侬好，速来#2025上海车展#前排占座！👀🚗 新平台、新科技，梅赛德斯-奔驰以全明星阵容28款车型熠耀亮相！重新认识下#全新纯电长轴距CLA#再打个招呼👋🏻，入座概念车Vision V的私享贵宾厅，接受全新AMG GT 63 4MATIC+刷圈邀请！4月23日-5月2日，📍上海国际车展4.1号馆梅赛德斯-奔驰展台见...全文 [组图共9张] 原图 ,2025-04-23 14:03,2324,166,261
#全新纯电长轴距CLA#现已正式亮相兼具科技感和情绪价值的全新设计超长续航、超快充电、超低能耗的松弛感更善解人意更聪明好用的智能体验你想要的，#电车界的时髦精CLA#都有即刻入座，开启我们的新故事#2025上海车展# 梅赛德斯-奔驰的微博视频  ,2025-04-22 14:45,757,62,119
侬好！认识一下？腔调拉满的#全新纯电长轴距CLA#来了！锁定4月22日全球首秀，“星”动时刻，一起见证！#2025上海车展##电车界的时髦精CLA# 梅赛德斯-奔驰的微博视频  ,2025-04-22 11:07,53,15,12
种草在心巴上，就现在！ #全新纯电长轴距CLA#⏰4月22日，与你不见不散！ 梅赛德斯-奔驰的微博视频  ,2025-04-21 10:00,34,11,12
4月22日，梅赛德斯-奔驰Vision V概念车全球首秀，前所未有的豪华空间、专属尊享、数字体验，突破想象。 梅赛德斯-奔驰的微博视频  ,2025-04-20 15:00,73,11,11
正在打印魔都周末的狂欢记忆......一起重温这场肾上腺素✖️红色美学的双倍暴击#全新纯电长轴距CLA#氛围浓度过高这意犹未尽的感觉，谁懂 梅赛德斯-奔驰的微博视频  ,2025-04-20 12:00,34,4,5
怦然心动，想让云知道。#CLE敞篷轿跑车#  [组图共4张] 原图 ,2025-04-18 10:00,130,16,13
氛围恰到好处，同频的人总是E见如故。#奔驰E级#  [组图共2张] 原图 ,2025-04-17 10:00,126,29,13
每个角度都很来电。#奔驰大G#  [组图共4张] 原图 ,2025-04-16 18:00,171,18,17
开、关、开、关......神神秘秘，谁要登场？原来是——#全新纯电长轴距CLA#142颗星星在跟你Say hi并向你发出了派对邀请坐标上海📍“星”动信号已满格「星动城市派对」即将开启🔛一起前往INS新乐园🎉在潮酷次元，解锁不设限的狂欢😎 梅赛德斯-奔驰的微博视频  ,2025-04-15 15:30,48,9,8
当Y2K荧光滤镜遇见全新纯电CLA，漏光胶片也让心跳漏了半拍。#全新纯电长轴距CLA#即将惹眼亮相，很期待和你见面！  [组图共9张] 原图 ,2025-04-14 10:00,45,15,10
🌪️大风来了，我先躺两天是的，我是一枚灵活可放倒的奔驰立标面对极端天气，暂时进入“躺平”模式，降低社区和人身安全隐患友友们，面对大风天气请合理安排出行尽量避免户外活动安全第一☝️等风走了，一起拥抱晴天☀️#北京大风#  原图 ,2025-04-11 22:31,158,23,44
你没来过，春天就不算过。#奔驰GLS SUV#在等你，一起开往不一样的春天。  原图 ,2025-04-10 10:00,79,16,13
G刻，与灵感同“盟”。梅赛德斯-奔驰携手@Moncler盟可睐 与设计师NIGO合作打造Project G-Class Past ll Future及胶囊系列时尚单品现已开售。传奇ICON × 天才灵感，从公路到秀场，由复古驶向未来。  [组图共9张] 原图 ,2025-04-09 10:02,38,6,6
"转发理由:十三年星途，每一个Step都算数！㊗️G级越野车品牌大使#张艺兴出道十三周年# 快乐！  
原始用户: 张艺兴
转发内容: 张艺兴的微博音频  ",2025-04-08 22:19,4959,3165,668
这份蓝色浪漫实录，请查收。#S级轿车#  [组图共6张] 原图 ,2025-04-08 10:00,153,20,12
本周的超强气场，都有G可循。  [组图共4张] 原图 ,2025-04-07 10:00,184,21,25
“轮”到春日光影了。#奔驰GLC#  [组图共2张] 原图 ,2025-04-03 10:00,95,21,12
一场春天正在上映，#奔驰GLS SUV#已为你调至最佳观赏模式。  原图 ,2025-04-02 10:00,121,23,12
想怎么造，就怎么造。造车，奔驰是头一号。全新梅赛德斯-奔驰“竖屏”车，你爱了吗？#愚人节#快乐 梅赛德斯-奔驰的微博视频  ,2025-04-01 20:31,63,13,11
你品，你细品S-Class的细节，不能浅「尝」即止。#奔驰##梅赛德斯-奔驰##奔驰S级##ASMR##愚人节# 梅赛德斯-奔驰的微博视频  ,2025-04-01 10:00,76,27,12
周一自带S级春日“绿”镜。#S级轿车#  [组图共6张] 原图 ,2025-03-31 10:00,219,47,32
谁懂这E刻的含金量。#奔驰E级#  [组图共4张] 原图 ,2025-03-28 18:56,209,27,30
速度之美，正轰鸣于记忆与情感中。AW2025上海时装周，梅赛德斯-奔驰携手多元跨领域艺术家王令尘打造全新艺术装置【Time Warp】—AMG的性能美学与上海梧桐飞叶流光共舞，迸发出速度与美学的无尽想象。 梅赛德斯-奔驰的微博视频  ,2025-03-28 11:00,43,10,7
在户外，就别和#奔驰GLC#见外。  原图 ,2025-03-28 10:00,55,11,14
街道秀场，SLAY全场。梅赛德斯-奔驰再度携手2025秋冬#上海时装周#，锁定魔都街头巷尾，0帧起跑，顶级时髦感，极速狂飙中。#开AMG狠时髦##这狠AMG# 梅赛德斯-奔驰的微博视频  ,2025-03-26 19:43,33,8,11
上海的时髦精请就位，直击炽烈现场。作为官方指定汽车合作伙伴，梅赛德斯-奔驰携多款经典座驾，助力2025秋冬上海时装周。同时，梅赛德斯-奔驰与设计师Oscar Wang王令尘合作打造「炽烈之城」限时空间，一起探索从赛道到T台的暴烈与优雅，构建AMG的赛道性能美学空间。梅赛德斯-奔驰上海时装周限时空...全文 [组图共9张] 原图 ,2025-03-26 16:20,43,6,10
美得不像话，像画。  [组图共3张] 原图 ,2025-03-26 10:00,187,29,17
上海时装周正式启幕🔔梅赛德斯-奔驰作为官方指定汽车合作伙伴以AMG性能入局，填空时尚新维度📸携手两位中国超模——@王雯琴、@赵磊Zhao在光影间编织一场对于速度、廓形与未来的对话当先锋设计与AMG性能美学相遇锋芒毕露，亦游刃有余💎此次AMG与艺术家@Oscar王令尘推出联名系列并携手...全文 [组图共15张] 原图 ,2025-03-25 20:44,65,111,11
上海时装周正式启幕，梅赛德斯-奔驰作为官方指定汽车合作伙伴，全方位呈现AMG的性能美学与先锋时尚。📢 3月25日至3月31日📍 上海新天地时尚广场梅赛德斯-奔驰上海时装周限时空间「炽烈之城」“时髦”开放中在上海街头转角遇到AMG，时装周的穿搭灵感不就来了？快来#和AMG随时随地fitcheck#...全文 ,2025-03-25 15:57,33,5,6
先锋型格，从来都是与生俱来。从纽博格林的银色传奇，到街头一眼倾心的梦中情车，AMG以性能定格风格，以设计突破时代。梅赛德斯-奔驰将作为官方指定汽车合作伙伴，助力2025秋冬上海时装周，跨界探索时尚及文化领域理念。📢3月25日至3月31日梅赛德斯-奔驰上海时装周限时空间「炽烈之城」空降...全文 [组图共9张] 原图 ,2025-03-24 10:00,36,8,7
上赛！上上上！！！全新赛季，全新出发❤️🔥众「星」齐聚，为W16上赛首秀充能助威✨你，准备好了吗🫵🏻#F1##AMG带你追F1# 梅赛德斯-奔驰的微博视频  ,2025-03-23 14:30,49,8,10
"转发理由:恭喜@梅赛德斯-AMG 品牌大使@苏翊鸣，“翊”鸣惊人，再创中国单板滑雪历史！💪//@梅赛德斯-AMG:成就传奇的路上，那些伤病和困难最终都会成为破茧成蝶🦋的力量！小鸣加油，大跳台一战，我们都在！💪  
原始用户: 苏翊鸣
转发内容: 我职业生涯的首次世锦赛坡面障碍比赛，很开心为祖国赢得了一枚宝贵的银牌🏂🥈这个雪季过得十分艰难，赛程前所未有地紧凑，且大半时间都饱受伤病困扰。感谢头盔上的五星红旗🇨🇳时刻给予我力量，感谢佐藤教练一直坚定地站在我身边❤️，也感谢自己勇敢地接住了命运的馈赠🎁，在这过程中有了...全文 [组图共9张] 原图 ",2025-03-22 15:35,16,3,6
这种春日氛围感觉，很有“壁”要。一组春日壁纸发放中……  [组图共9张] 原图 ,2025-03-22 10:00,93,25,11
格子旗一动，就要动“真格”！随时开启冲线模式，就是#2025F1中国大奖赛#期间，对#F1#最大的敬意！生活总有属于自己的赛道，#梅赛德斯AMG车队#与你一起，终点线见！评论区为车队打call，截至3月28日15:00，我们将通过@微博抽奖平台 随机抽取5位幸运粉丝，每人送出「AMG赛道终点线小地毯」一张！...全文 ,2025-03-21 18:41,60,12,87
F1上海站穿搭指南㊙️狠角色都这样穿💥赛道灵感遇上潮流态度，AMG街头演绎高性能美学！#开AMG狠时髦##这狠AMG#  [组图共12张] 原图 ,2025-03-21 09:00,36,8,9
今日#春分#，品一杯春茶，赏一汪春色，在万象平衡中，感受身心调谐。#在时光里奔驰# 梅赛德斯-奔驰的微博视频  ,2025-03-20 10:00,81,20,14
#春分#时，天地间，#迈巴赫GLS#与你平分山色。  原图 ,2025-03-20 09:00,91,11,14
有#奔驰GLE SUV#在，从容指数拉🈵■□□□□全系标配无钥匙进入■■□□□全系标配前排座椅记忆+前排座椅加热■■■□□全系标配智能领航辅助Plus■■■■□全系标配实时越野路面影像■■■■■全系标配带360°摄像头的智能泊车系统100%实力，100%从容梅赛德斯-奔驰GLE SUV实力，方可从容演...全文 [组图共9张] 原图 ,2025-03-19 13:05,45,15,10
最满意的搭档，修勾知道。#奔驰GLC#  原图 ,2025-03-18 10:00,111,25,28
新一周状态的打开方式，怎么可能谁开都一样？#奔驰E级#  原图 ,2025-03-17 10:00,75,15,15
周末+春雪= ？#北京下雪#  原图 ,2025-03-15 19:28,136,13,13
这个周末，先走一步！#奔驰E级#  原图 ,2025-03-14 17:00,86,13,5
全新梅赛德斯-奔驰CLA今日全球首发，为即将到来的史上最强产品攻势拉开帷幕。全新纯电CLA搭载800伏电气架构、碳化硅逆变器，并配备同级唯一的两挡变速箱，将源自VISION EQXX能效概念车的科技量产落地，能量转化效率达93%。85千瓦时的氧化硅石墨阳极三元锂电池，电芯体积能量密度680瓦时/升，电池重量...全文 [组图共9张] 原图 ,2025-03-14 03:45,96,32,26
在春日花海中穿行，一起吗？  原图 ,2025-03-13 10:00,130,18,21
🌲🚗🌲，强行植入。#奔驰GLC#  原图 ,2025-03-12 10:00,96,21,14
花开不待，以礼相待。#迈巴赫S级#  原图 ,2025-03-11 10:00,184,28,26
本周状态：动力拉满#S级轿车#  原图 ,2025-03-10 10:00,161,22,12
世界有万般姿态，women有万般模样。 感受自己的感受，热爱自己的热爱。畅快奔驰，或随时松弛，一切都没有既定答案。women无论怎样，都很好。#是women更是我们##妇女节快乐#  [组图共9张] 原图 ,2025-03-08 11:08,122,33,23
坐等你下班。  原图 ,2025-03-07 17:00,198,14,21
#奔驰大G# 来野。  原图 ,2025-03-06 10:00,125,12,16
#惊蛰#迎万物新生。#迈巴赫GLS#  [组图共2张] 原图 ,2025-03-05 10:00,113,19,16
新生、发芽万物复苏的春天总会如期而至以春为序，抬首皆为新章在此刻种下新的希望来日方长，抬头就有清晰的方向心火不灭，积蓄力量，你自成光蛰伏，是好事正在酝酿昂首，阔步！开启新的篇章#二月二龙抬头#  [组图共8张] 原图 ,2025-03-01 10:00,223,25,51
想不负春光，该怎么玩👋？驾驶#奔驰V级MPV#一路向南，追寻更盎然的春意💓！踏进柔软的绿茵，晒晒和煦的暖阳，听听果岭的微风，与悠闲的花草一起，在春天里发发呆～👇出发，随大V驶向春天！#大有天地#  [组图共6张] 原图 ,2025-02-27 10:00,150,13,74
向想象展翼，未来自会驶向你。#VisionOneEleven#  [组图共2张] 原图 ,2025-02-27 09:00,267,15,32
音乐，怎么可能用谁听都一样？🤔#S级轿车#配备「Burmester®3D环绕立体声音响系统」高性能扬声器，全方位包裹你的感官👂四向均衡调节，音场在哪，现场就在哪🎵更澎湃的声浪🌊，更细腻的层次🎼沉浸，由此开始😍 梅赛德斯-奔驰的微博视频  ,2025-02-26 10:04,469,38,97
不合时宜的相遇，还是错过的好😏S级轿车全系增配「L2+导航辅助驾驶系统」在高速与城市快速路段可实现多场景下自动变道、自动远离大车、自动超越慢车等功能🚗豪华智驾再升级，让驾驶更简单、更安全🫶 梅赛德斯-奔驰的微博视频  ,2025-02-25 10:00,1133,179,288
透过车窗，看看风景，也看看野心。#奔驰大G#  [组图共2张] 原图 ,2025-02-25 09:00,274,22,27
2025年2月，基于梅赛德斯-奔驰全新固态电池测试项目打造的测试车，已开启道路测试，这是行业首次将锂金属固态电池集成到量产车平台。这套固态电池由梅赛德斯-奔驰乘用车团队与梅赛德斯-AMG高性能动力系统有限公司（HPP）团队联手打造，电芯由行业顶尖合作伙伴Factorial Energy提供。全新固态电池能量...全文 [组图共3张] 原图 ,2025-02-24 22:21,146,17,31
世间总有风雨，令人望而生惧、畏而不前。世间也有见惯了风雨的人：狂风肆虐，他们就乘风而上；暴雨如注，他们便将之化为洗礼。他们无言，更无惧，与S级轿车一起，会一会风雨。#S级轿车# 梅赛德斯-奔驰的微博视频  ,2025-02-24 10:00,132,25,23
周一状态：一心一“翼”。  原图 ,2025-02-24 09:00,255,24,27
以礼相待，为君子也 #迈巴赫S级轿车#  [组图共6张] 原图 ,2025-02-21 21:17,992,45,87
哪一种场合，你想如此盛装出席？#梅赛德斯-迈巴赫S级Haute Voiture限量高定#  [组图共3张] 原图 ,2025-02-20 10:00,134,18,17
旗舰进化，焕新登场。S级轿车豪华如一，更显新意，于巅峰之上，共赴更高之境 梅赛德斯-奔驰的微博视频  ,2025-02-19 17:00,93,26,14
"长轴距GLC SUV以全能实力，带来全面进阶的豪华驾乘体验M254 2.0T直列四缸发动机，搭配48伏ISG智能电机系统，感受丝滑驾控。同级最长的2,977毫米长轴距，5座、7座灵活布局，坐享广阔空间。领先的L2+导航辅助驾驶系统，覆盖全国高速与城市快速路段，安全更入佳境。全新升级第三代MBUX智能人机交互系...全文 [组图共9张] 原图 ",2025-02-18 15:58,107,35,27
答应我，这对星徽与月桂的世纪CP，再磕100年！1925年2月18日，梅赛德斯-奔驰新商标正式注册，戴姆勒的“星星”被包围在奔驰的“月桂”之中，平衡而融合，以此致敬戈特利布·戴姆勒（Gottlieb Daimler）与卡尔·奔驰（Carl Benz）两位汽车工业先驱，这也是双方正式合并的前奏。1926年，戴姆勒与奔驰这两...全文 [组图共4张] 原图 ,2025-02-18 11:00,105,25,15
#雨水#无声，以礼驶入至臻之境。  [组图共4张] 原图 ,2025-02-18 09:00,134,14,20
本周，是狠“银”。  原图 ,2025-02-17 10:00,152,16,20
两心相悦，处处怦然❤️ 爱是彩虹般的斯人，也是随风#奔驰#的灵魂 #情人节##分享镜头里的爱意# 梅赛德斯-奔驰的微博视频  ,2025-02-14 15:00,81,15,15
赴约后的告别中，心动与浪漫分毫不减。#情人节#愿爱意满载，渐晚渐浓。  [组图共12张] 原图 ,2025-02-14 09:00,66,23,13
抓住雪G的尾巴，与#奔驰大G#一起收集冬日的高光时刻。  原图 ,2025-02-13 10:00,85,13,15
元宵佳节，好运包圆的！㊗️你圆圆如意，愿愿成真！#正月十五# #元宵节# 梅赛德斯-奔驰的微博视频  ,2025-02-12 10:00,187,32,35
优雅复古，是一种感觉。  [组图共3张] 原图 ,2025-02-11 17:00,155,20,17
周一就要0帧起跑。#奔驰E级#  原图 ,2025-02-10 10:00,76,13,8
“休”time继续！#奔驰CLE#  原图 ,2025-02-09 09:00,104,16,9
在你眼里，优雅是什么颜色？  [组图共4张] 原图 ,2025-02-07 09:00,141,27,20
永远为春日怦然心动。#300SL#  [组图共3张] 原图 ,2025-02-06 09:04,192,36,20
接！是奔驰的开工利是🧧#开工日#🙏想“开”了就迎接新开始！ 梅赛德斯-奔驰的微博视频  ,2025-02-05 10:00,100,24,19
开工轻装上阵！和“银箭”一起出发，回到属于你的赛道。  [组图共2张] 原图 ,2025-02-05 09:00,67,22,11
#立春#到，宜扫尘迎新。扫出春光满面，扫出惊喜连连！除去旧尘，万物向新，一切美好随春而至。#在时光里奔驰##大年初六逢立春# 梅赛德斯-奔驰的微博视频  ,2025-02-03 13:40,81,11,11
#大年初五# 迎财神奔驰登场，黄金万两新的一年财运奔你而来 梅赛德斯-奔驰的微博视频  ,2025-02-02 10:00,159,29,24
#大年初四# 来接好运走走花路，尝尝甜头！金玉满“糖”新年旺～ 梅赛德斯-奔驰的微博视频  ,2025-02-01 10:00,77,21,9
#大年初三# 走亲访友大G大利，两“圈”其美！开心到转圈圈~ 梅赛德斯-奔驰的微博视频  ,2025-01-31 10:00,175,32,26
#大年初二# 回娘家恭“赫”新禧，和和美美！家和万事兴，万事皆顺遂~ 梅赛德斯-奔驰的微博视频  ,2025-01-30 10:00,145,32,13
"转发理由:快乐的“乐”，高兴的“高”。@乐高中国 你来了，就是最好的生日祝福！#奔驰139周年# #汽车生日快乐#//@乐高中国:生日快乐🎂！新的一岁，我陪你继续一起「拼」👏！#奔驰139周年# #汽车生日快乐# 评论配图  
原始用户: 梅赛德斯-奔驰
转发内容: 贪「驰」蛇，驰个够！🐍🎂🐍奔奔家族排排坐，除夕守岁+庆生一起过！祝奔驰了139年的汽车工业生日快乐，也祝大家蛇年快乐！愿未来的每一岁，依旧有你的见证～🚗🚗🚗——今年先「驰」到这儿，我先欢为敬啦～💨#奔驰139周年# #汽车生日快乐# #先欢为敬# 梅赛德斯-奔驰的微博视频  ",2025-01-29 10:45,23,3,5
"转发理由:“满满”祝福已收到！啥都不说了，那就“逸启”出发吧！ #奔驰139周年# #汽车生日快乐#  
原始用户: 逸安启超充
转发内容: 139岁仍然保持活力的秘诀……时不时给自己充！充！电！吧！祝139岁的@梅赛德斯-奔驰 生日快乐！谢谢汽车发明者。我们给汽车充满电，你让汽车充满可能！#奔驰139周年##汽车生日快乐#  原图 ",2025-01-29 10:14,17,3,1
"转发理由:新一年，飙一下，上车走吗？@极品飞车集结 Vroom~Vroom~安排！ #奔驰139周年# #汽车生日快乐#  
原始用户: 极品飞车集结
转发内容: 说个大事，祝@梅赛德斯-奔驰 139岁生日快乐！新年look已安排完毕，也祝赛车手们「红」运当头，鹏程ONE里！新年就要新「装」上阵，一路尽兴奔驰！关注@极品飞车集结 @梅赛德斯-奔驰 并转发本条微博，薇拉将抽取三位街头赛车手，每人送出 AMG 周边好礼一份！#极品飞车集结[超话]# #奔驰139周年#...全文 [组图共2张] 原图 ",2025-01-29 10:12,36,4,3
"转发理由:新一岁升级！你猜我技能要怎么点？@英雄联盟赛事 咱峡谷见！ #奔驰139周年# #汽车生日快乐#  
原始用户: 英雄联盟赛事
转发内容: 139年见过各种大场面，139年稳操胜券！祝陪伴LPL 8年的@梅赛德斯-奔驰 139岁生日快乐！#奔驰139周年# #汽车生日快乐# 原图 ",2025-01-29 10:09,29,2,2
大年初一，宜送祝福乙巳蛇年第一天，也是汽车工业139岁的第一天祝大家新的一年，“翊”“鸣”惊人！祝奔驰了139年的汽车工业，继续充满好奇#奔驰139周年##汽车生日快乐# 梅赛德斯-奔驰的微博视频  ,2025-01-29 07:59,4012,242,171
大年初一，开个好头！开启蛇年第一天🔛也开启139岁的第一天！🎂㊗️你新春万事“兴”喜！㊗️奔驰了139年的汽车工业，精彩“G”续！#奔驰139周年##汽车生日快乐# 梅赛德斯-奔驰的微博视频  ,2025-01-29 07:58,43202,210647,4916
大年初一，好事成双今天恰逢汽车工业的139岁生日🎂接住费德勒的这颗球，接住一整年好运！㊗️屏幕前的你，好运翻倍！㊗️奔驰了139年的汽车工业，活力无限！ #奔驰139周年##汽车生日快乐# 梅赛德斯-奔驰的微博视频  ,2025-01-29 07:57,3186,160,144
贪「驰」蛇，驰个够！🐍🎂🐍奔奔家族排排坐，除夕守岁+庆生一起过！祝奔驰了139年的汽车工业生日快乐，也祝大家蛇年快乐！愿未来的每一岁，依旧有你的见证～🚗🚗🚗——今年先「驰」到这儿，我先欢为敬啦～💨#奔驰139周年# #汽车生日快乐# #先欢为敬# 梅赛德斯-奔驰的微博视频  ,2025-01-28 10:00,625,630,134
听说……在新春坐上奔驰，就会有惊喜👀快上车，接好这波惊喜彩蛋🤲开胃小彩蛋👉新春祝福语音🎁车内说出📢 “你好奔驰，过年好”。就能愉快接收👂新春祝福啦（美好的祝福有很多，可以多次尝试哦）大大大彩蛋👉明星专属新春祝福语音🎁车内说出📢“你好奔驰，我想和张艺兴一起过年...全文 [组图共3张] 原图 ,2025-01-24 15:00,24710,4297,1155
临近春节，欢“兴”是不是早已藏不住啦！快跟随梅赛德斯-奔驰G级越野车品牌大使@张艺兴 的步伐freestyle一下“G”刻欢乐起舞，开开心心等过年！欢乐不止，更有张艺兴签名手机壳等你带上这个手机壳，一起好运连连，大“G”大利#先欢为敬##张艺兴-G级越野车品牌大使#关注@梅赛德斯-奔驰 官方账号...全文 ,2025-01-23 10:00,508299,194329,30649
看看@梅赛德斯-AMG 和满分搭子@苏翊鸣 的合照。两个“狠角色”话不多说！相机起手，就是一拍即合！期待更多的默契配合🫶#苏翊鸣奔驰AMG品牌大使# #苏翊鸣的满分搭子#  [组图共11张] 原图 ,2025-01-22 10:30,87,14,18
趁着小年儿，说个大事！看看我交到了什么新朋友！他是中国单板滑雪大跳台项目历史首个世界冠军，全新梅赛德斯-AMG品牌大使@苏翊鸣 ！绝对的狠角色车主！以后也是@梅赛德斯-AMG 的满分搭子。有趣的灵魂已经狠狠绑定了！无论雪道、赛道还是街道，期待我们一起“翊鸣”惊人！#苏翊鸣奔驰AMG品牌大使#...全文 ,2025-01-22 10:00,67,8,10
欢乐正在派送中🎁想宠粉的心停不下来蒋奇明拍了拍你👋并邀请你提前开启假期欢乐模式呼声很高的蒋奇明签名照，安排！还等什么，快上车#先欢为敬#吧！关注@梅赛德斯-奔驰 官方账号，带话题#先欢为敬#转发本条微博，分享你的春节假期出游计划，和蒋奇明一起先欢为敬！我们将在2025年1月22日20:00...全文 [组图共9张] 原图 ,2025-01-21 15:00,849,692,770
🐍年春节超前营业蒋大师带来最新欢乐报道（请自动带入语气）：“蒋”真的，放假脑藏不住了！🎉“奇”早摸黑不如提早放飞😋“明”天起，假期模式On🎆别管那么多了，1月20日，一起#先欢为敬# #春节前的精神状态belike##蒋奇明收工状态belike# 梅赛德斯-奔驰的微博视频  ,2025-01-17 15:00,2359,774,935
抓拍到一张#GLE轿跑SUV#，不动声色，动人心。  原图 ,2025-01-16 10:00,82,24,12
怕冷？不存在的AMG怕的是不尽兴！跟上梅赛德斯-AMG的速度，在冰雪里尽情驾驶评论区聊聊你有什么特别的「冰雪驾驶技巧」吧！ 梅赛德斯-奔驰的微博视频  ,2025-01-15 11:04,46,15,11
来自#全新GT63SE#的隔空投送：换上“狠”角色壁纸，冬日氛围也很绝色。评论区说出你想要的AMG车型，更多壁纸放送中。  [组图共6张] 原图 ,2025-01-13 10:00,61,17,10
本周姿态：拉风。  原图 ,2025-01-13 09:00,48,12,6
给下周一些“红”运加持。  原图 ,2025-01-12 10:00,95,17,15
风格很多，你偏爱哪一个？ #无处不从容#  原图 ,2025-01-11 10:00,213,35,51
等一个信号，冲向周末！  原图 ,2025-01-10 19:30,122,10,11
2024年，面对充满挑战和起伏的市场形势，梅赛德斯-奔驰携手经销商合作伙伴，如期推进各项业务发展，向中国客户交付了超71.4万辆新车，再次问鼎年度豪华品牌销量冠军，并再度蝉联中国市场百万级及以上豪华汽车市场的销量冠军。#奔驰双料冠军#  [组图共3张] 原图 ,2025-01-10 17:50,43,15,12
2025要补点什么？奔驰率先响应国家汽车以旧换新政策，扩大车型范围，加码福利补贴。全方位“大补”，助你新年新程新奔驰！  原图 ,2025-01-10 11:49,46,14,7
今日身份：雪地画家🎨。#无处不从容#  [组图共4张] 原图 ,2025-01-09 10:00,152,21,17
梅赛德斯-奔驰与全体经销商伙伴援驰日喀则，首批物资已到位！众人拾柴，守望相助，#日喀则加油我们在一起#  原图 ,2025-01-08 14:45,233,148,38
#腊八节#，把经典、优雅、心动的美，都送给你。#在时光里奔驰#，总是「腊」么美！  [组图共3张] 原图 ,2025-01-07 09:00,93,18,4
迅速进入本周状态。#S级轿车#  原图 ,2025-01-06 10:00,62,18,6
#小寒#不寒，奔驰在冬日暖阳中。#奔驰E级#  原图 ,2025-01-05 10:00,55,15,10
「一条新消息」你有一名奔驰雪友即将登场关键词：AMG车主、世界冠军猜猜他是谁？#亦野亦雅惟有奔驰# 梅赛德斯-奔驰的微博视频  ,2025-01-04 16:01,39,11,13
🏂周末刷道走起，来晒晒你的滑雪装备吧。  原图 ,2025-01-04 12:00,45,13,5
开心的感觉比周末来得更快✌️喜提#2025年第一个周末#  原图 ,2025-01-03 17:30,56,10,8
当你有个会呲雪墙的朋友......滑雪的乐趣这不就来了？与奔驰一起去滑雪，开心到转圈。想要一个全是“雪墙”的评论区#亦野亦雅惟有奔驰# 梅赛德斯-奔驰的微博视频  ,2025-01-02 12:30,26,8,6
#2025第一个工作日#G刻开工！  [组图共2张] 原图 ,2025-01-02 09:00,148,17,17
新年福利，大有来“历”，快来签收！评论区留下你对2025的新年期许～我们将在1月7日中午12点随机抽取10位粉丝，每人送出1套奔驰历历历久弥新S级复古日历～祝大家S来运转，来日可期！*感谢小红书用户Pcyy的画面设计  [组图共12张] 原图 ,2025-01-01 09:00,137,50,154
11、10、9、8、7、6、5、4、3、2、1！让我们一起倒数11秒，在11代S级轿车的大合体中，数着车灯依次点亮，看新年的烟花盛放🎆与2024说拜拜，启程奔向#2025# 在评论区聊聊你的新年“星”愿吧~让奔驰化身许愿“驰”，祝你万事胜意，新年熠熠生辉#一路奔驰向2025年# 梅赛德斯-奔驰的微博视频  ,2024-12-31 18:00,108,19,22
正式被确诊为“雪缘脑”。脑滑千次，不如实力开滑！@你的雪友 一起开奔驰去滑雪，享受#亦野亦雅惟有奔驰#的快乐雪季。评论区聊聊你“雪缘脑”的故事～截止2025年1月10日12:00我们将随机抽取10位幸运粉丝，分别送出「驰名滑手」飘带一个。 梅赛德斯-奔驰的微博视频  抽奖详情  ,2024-12-30 14:10,46,25,49
快乐下班！出发，开#奔驰#去滑雪，一起加入吗？#亦野亦雅惟有奔驰#  [组图共2张] 原图 ,2024-12-27 18:12,89,22,12
还在找这个雪季的打开方式？优雅上雪还是狂野玩雪答案给你：开奔驰去滑雪！在评论区聊聊“这个雪季你会选择的打开方式”，截至2025年1月6日12:00，我们将随机选出10位幸运用户获得奔驰玩雪搭档“卡皮巴拉装饰玩偶”。#亦野亦雅惟有奔驰#  [组图共9张] 原图 ,2024-12-27 14:49,91,20,87
奔驰，何以为奔驰？这个问题的答案散落在奔驰近140年的历史当中对于每一个选择奔驰的人来说奔驰不仅仅是一个出行工具更是一个伙伴、一种意义每一个与他们有关的故事都在用最特别的方式诉说着热爱何以奔驰今天从几位“最特别” 的车主说起#何以奔驰惟有奔驰#  [组图共6张] 原图 ,2024-12-26 11:30,74,20,27
👀让我看看，你的#圣诞树#🎄有多闪耀？节日快乐，点亮欢聚每一刻~  原图 ,2024-12-25 13:44,114,17,11
“臻”心满满，静候新年。在时光里奔驰，任风雪轮转，优雅永存。#迈巴赫S级轿车# 梅赛德斯-奔驰的微博视频  ,2024-12-24 19:33,56,15,4
岁末年初，在这爱意渐浓的日子，踏上归途，为与爱的人相见；待到启程，爱的人仍固守身边！此刻，奔驰在路上，奔向温暖的地方！梅赛德斯-奔驰祝您#爱意满载欢喜常伴# 梅赛德斯-奔驰的微博视频  ,2024-12-23 18:00,36,27,10
没有一个未来是悬空的，历史正是未来的一部分。#何以奔驰惟有奔驰#跟随建筑大师@MAD_马岩松 奔驰向《狂想之城》的第五站斯图加特，在梅赛德斯-奔驰博物馆和梅赛德斯-奔驰德国先锋设计中心，从汽车工业百余年的发展、演变与革新，品汽车的过去、现在与未来，畅想未来城市设计的蓝图。12月24日，锁定腾...全文 ,2024-12-23 11:00,938,47,56
#冬至#到底吃什么，饺子还是汤圆？美食文化虽有差异，但“热气腾腾”是共同记忆。冬至大如年，冬味趁热吃，让温暖迎冬而至。#奔驰# 梅赛德斯-奔驰的微博视频  ,2024-12-21 10:00,49,10,16
这个雪季，开奔驰去雪场，一起豪“滑”入场！在狂野与优雅中，开启梦幻而惬意的雪季。评论区分享开奔驰去#滑雪# 的豪“滑”故事吧！#亦野亦雅惟有奔驰#  [组图共9张] 原图 ,2024-12-20 15:44,45,15,7
新年蓄能中，2025年全新梅赛德斯-奔驰纯电CLA即将全球首发，而车手基米·安东内利也将正式亮相梅赛德斯-AMG F1车队，新车与新星强强联合，2025期待拉满！#奔驰##全新纯电CLA##基米安东内利# 梅赛德斯-奔驰的微博视频  ,2024-12-19 18:20,43,13,8
智能豪华，油电全能。全新梅赛德斯-奔驰长轴距GLC插电式混合动力SUV典藏版现已上市，更从容，更澎湃，更懂你。插混技术，兼具澎湃动力、卓越能效与豪华行驶质感；配备高通8295智能座舱芯片、5G通信技术和第三代MBUX智能人机交互系统，唤醒反馈更迅速，APP更丰富、运行更流畅；L2+导航辅助驾驶系统...全文 [组图共4张] 原图 ,2024-12-18 18:00,23,21,7
奔驰，何以为奔驰？ 这个问题的答案散落在奔驰近140年的历史当中我们立足当下，面向未来从生物与自然，到人文和环境我们在不同的领域全力打造可持续的美好未来何以奔驰从“认养国宝”说起#何以奔驰惟有奔驰#  [组图共9张] 原图 ,2024-12-17 19:56,79,136,33
四季更替的时候，首位华人世界小姐@张梓琳 总会安排一些家庭的出行。又到了一年中的雪季，全家人乘着新一代#奔驰V级MPV#去往雪场。在张梓琳眼中，带着孩子看世界是件有意义的事。每一次出发，不只有说走就走的惊喜，也能让孩子领略未曾见过的风景，真切地感受春夏秋冬的轮替。不负温情陪伴，...全文 ,2024-12-16 10:00,588,50,48
本周dresscode：优雅。 [组图共3张] 原图 ,2024-12-16 09:30,177,19,21
奔驰，何以为奔驰？这个问题的答案散落在奔驰近140年的历史当中当人们想要更快的马车时我们发明了汽车，并不断进化、开拓探索人类出行的速度和边界何以奔驰一切的答案，都始于1886年的那辆车……#何以奔驰惟有奔驰#  [组图共9张] 原图 ,2024-12-14 14:30,90,28,39
今日#四级#附加题出炉，PHEV的英文全称在线等高手作答  原图 ,2024-12-14 14:00,41,18,15
一起奔驰过四季，期待在漫漫旅途中重逢。#四门GT#  原图 ,2024-12-12 09:30,57,13,9
"转发理由:梅赛德斯-奔驰中国智驾负责人深度对谈诺奖得主，跨界交锋，智慧碰撞，探索更多可能性！关于奔驰的最新智驾技术，诺奖得主说了什么？最新的脑科学研究，会对自动驾驶的研发带来哪些启示？直击跨界交锋的现场！点击视频，探索“奔驰范儿”的智驾科技。#科技奔驰#  
原始用户: 腾讯汽车
转发内容: 重磅跨界！诺奖得主深度对谈奔驰中国智驾负责人前沿脑科学研究会给自动驾驶的研发带来哪些启示？ 腾讯汽车的微博视频  ",2024-12-10 19:56,1077,77,43
"转发理由:明天，2024诺贝尔奖颁奖典礼即将举办，奔驰中国智驾负责人与诺奖得主展开跨界对谈，探讨脑科学研究能给自动驾驶带来哪些启发？剧透来了，先睹为快！#科技奔驰#  
原始用户: 腾讯汽车
转发内容: 抢先剧透，诺奖得主跨界对话奔驰中国智驾负责人 腾讯汽车的微博视频  ",2024-12-09 21:00,394,29,21
本周，高能入场。#奔驰GLE SUV#  原图 ,2024-12-09 09:30,68,18,10
志同道合者，总会相遇。在科技的深谷中遇见艺术，在艺术的深邃间看见科技的光芒。12月8日，梅赛德斯-奔驰将三度携手蔡国强，以无人机白天烟花表演《红帆》让科技与艺术在空中交汇，赋予每一束烟火全新的生命力。#梅赛德斯-奔驰 × 蔡国强# 梅赛德斯-奔驰的微博视频  ,2024-12-07 17:31,37,12,5
预祝梅赛德斯-奔驰G级越野车品牌大使@张艺兴 首次主演音乐话剧《受到召唤·敦煌》演出顺利！梅赛德斯-奔驰星愿基金自2019年起与敦煌研究院达成公益合作，愿与@张艺兴 一起，做千年文明瑰宝的传承守护者。#张艺兴再现敦煌奇迹##奔驰大G##张艺兴-G级越野车品牌大使# 梅赛德斯-奔驰的微博视频  ,2024-12-07 10:07,42946,39416,3108
#大雪#让我看看，雪花一飘，是谁的DNA动了？想玩雪的心，藏不了一点！实力玩家，满“雪”出击！ 梅赛德斯-奔驰的微博视频  ,2024-12-06 17:31,37,11,9
"转发理由:梦之队，让梦想成真。感谢与刘易斯·汉密尔顿并肩作战的每一个时刻。接下来，让我们一起在#2024F1阿布扎比大奖赛# 完成最后的篇章❤️祝福刘易斯，他将继续书写自己的传奇#LH44# #谢谢你刘易斯#//@梅赛德斯-AMG:谢谢你，刘易斯。那个孩子的梦想，我们一起实现了❤️ 这个周末将会是一场庆典，庆祝我们共...全文  
原始用户: 梅赛德斯-AMG_F1车队
转发内容: 想象…… 谢谢你，刘易斯 #谢谢你刘易斯# 梅赛德斯-AMG_F1车队的微博视频  ",2024-12-06 15:27,38,8,3
第一眼感觉：气场。#何以奔驰惟有奔驰#  [组图共3张] 原图 ,2024-12-04 14:35,156,27,20
奔驰，何以为奔驰？ 这个问题的答案散落在奔驰近140年的历史当中也在每一辆奔驰的舒适细节里无论是入座的感受还是平稳的旅程我们用舒适，照顾到你的每一寸感受何以奔驰从“丝滑入座”开始#何以奔驰惟有奔驰#  [组图共6张] 原图 ,2024-12-03 21:29,49,18,19
#2024年还有30天#，让过往的经历成为飞去未来的羽翼。#12月第一个工作日#，依旧活得“飞起”！  原图 ,2024-12-02 12:00,77,17,13
奔驰，何以为奔驰？这个问题的答案散落在奔驰近140年的历史当中也在梅赛德斯-AMG的速度与激情里由渴望起步，因速度非凡57载时光中的每段旅程都充满着对性能与豪华的极致追求何以奔驰踩下油门，一起进入AMG的非凡之旅#何以奔驰惟有奔驰#  [组图共9张] 原图 ,2024-11-29 15:30,43,13,14
一路奔驰的心，感谢相伴。一起同行的旅程，让#何以奔驰惟有奔驰#的故事，被不断续写。祝你踏花而行，芬芳相迎。  [组图共3张] 原图 ,2024-11-28 15:04,96,20,16
阳光正好，热爱网球的@吴尊 带上两位小朋友奔赴球场。作为新一代V级MPV首位车主，吴尊提车后便把大V调整为二三排座椅对坐，不管路途远近，只为能跟家人享受每一刻面对面的欢乐时光。#奔驰V级MPV#不仅随吴尊出席各种高光时刻，更是全家出行的好伙伴。在互相陪伴的日子里，见证家人亲密无间、孩子慢慢长...全文 ,2024-11-27 10:22,555,55,63
趁#初雪#，奔入一片雪花的灵感世界。纵使万物“雪”藏，也总能温暖在握。#北京下雪##你的IP所在地飘雪了吗#  [组图共3张] 原图 ,2024-11-26 23:40,89,18,17
跟随建筑大师@MAD_马岩松 一起奔驰在《狂想之城》，探索全球建筑与城市人文，向世界与自己发问；走过巴黎、洛杉矶…… 抵达“汽车摇篮”斯图加特，看汽车发明者梅赛德斯-奔驰如何以一代又一代定义时代风潮的经典车型，去印证#何以奔驰惟有奔驰# 在不断创新中做难而正确的事情，关注长期主义，保持敢于...全文 ,2024-11-25 11:00,269,25,22
#小雪#时节，和#S级轿车#一起出门踩踩雪❄️一起离开霓虹渲染的都市让身心沉浸在久违的纯净之中  [组图共4张] 原图 ,2024-11-22 13:00,70,23,11
时光会过去，但不会冲淡经典的魅力。当经典再临，一起捕捉那些“一眼奔驰”的时代印记。#何以奔驰惟有奔驰##1000Miglia#  [组图共9张] 原图 ,2024-11-21 14:00,55,23,7
关于奔驰安全、智能、电动化的最新成果已码齐！进入奔驰的科技世界，和🐻一起见证科技奔驰定义时代风潮！#何以奔驰惟有奔驰##越野还得看大G##科技奔驰#  [组图共8张] 原图 ,2024-11-20 19:31,43,13,9
作为中国第一家独立设计师买手店“棟梁”的主理人，王耀宇始终热爱发现、挑选和分享美之事物，“高级”也是他选择新一代V级MPV的重要理由。随王耀宇一起走进新“棟梁”亮相的幕后故事，也一同了解他眼中#奔驰V级MPV#在美学上的理念与实用上的巧思。高级又实用，#还得是奔驰大V##大有天地#...全文 ,2024-11-20 10:00,22,10,3
奔驰，何以为奔驰？ 这个问题的答案散落在奔驰近140年的历史当中我们于细节处用心打磨用开创性设计颠覆想象并把美学理念贯彻到不同车型中持续为你带来纯粹而感性的豪华何以奔驰今天从“香味管理”说起#何以奔驰惟有奔驰#  [组图共9张] 原图 ,2024-11-19 11:00,56,28,16
“粤”奔驰，越精彩。请注意，现在是#2024广州车展#“奔现”时刻，梅赛德斯-奔驰全品牌29款座驾一睹为快。沉浸感受#全新纯电G级越野车#“新越野三件套”的硬核装置，#越野还得看大G#，亲临迈巴赫至臻新境，接收来自AMG赛道基因的召唤。即日起至11月24日，2024广州国际车展5.1馆梅赛德斯-奔驰展台...全文 ,2024-11-18 18:00,31,5,4
上新，超灵活！#纯电EQE全系升级增配#旗舰版车型搭载后轮主动转向系统，转弯半径更小，狭小空间，一把就过。 梅赛德斯-奔驰的微博视频  ,2024-11-18 10:00,36,10,4
上新，超智能！#纯电EQE全系升级增配#新增可共享的数字钥匙，可使用智能手机或手表一键解锁。让钥匙，何必是“钥匙”。 梅赛德斯-奔驰的微博视频  ,2024-11-17 10:00,31,8,4
上新，超来劲！#纯电EQE全系升级增配#全系标配双电机，功率提升至300千瓦，零百公里加速4.9s。十足动力，十分尽兴！ 梅赛德斯-奔驰的微博视频  ,2024-11-16 10:00,41,10,5
今日份“猴赛雷”已预定！梅赛德斯-奔驰携全品牌29款座驾登陆#2024广州车展#，同期全新纯电G级越野车、新款纯电EQE及2025年款GLC轿跑SUV三款车型联袂上市，“无论油电，都很奔驰”，产品力全面升级。#越野还得看大G#参展车型覆盖燃油、纯电、插电式混合动力的强大产品阵容及硬核科技创新，为广大车...全文 [组图共6张] 原图 ,2024-11-15 18:00,37,15,34
“高智感”的美，倾心，意动。优雅动感的轿跑美学之上，智舱智驾全面革新，#梅赛德斯-奔驰GLC轿跑SUV#升级上市。标配高通8295智能座舱芯片，搭载第三代MBUX智能人机交互系统，配备L2+导航辅助驾驶系统，智舱智驾，全面升级。全系标配48伏ISG智能电机系统配合全时四轮驱动（4MATIC）系统，尽享更多驾...全文 [组图共9张] 原图 ,2024-11-15 10:50,46,16,5
"梅赛德斯-奔驰#纯电EQE#全系升级增配！实力焕发，全面进化。全系升级500车型，标配双电机四驱系统，最大输出功率达到300千瓦，百公里加速低至4.9秒，入门即豪华。 #无论油电，都很奔驰#厂商建议零售价（人民币）：EQE 500 4MATIC先锋版：478,000元EQE 500 4MATIC豪华版：496,000元EQE 500 4MATIC...全文 [组图共9张] 原图 ",2024-11-15 10:40,32,11,6
"新G能，已上线。全球首款豪华纯电硬派越野车#全新梅赛德斯-奔驰纯电G 580首发特别版#硬核上市。搭载4台可独立控制的轮边电机和4台电动两挡变速箱，实现整车432千瓦和1,164牛·米澎湃动能，搭载122千瓦时的电池组，CLTC工况综合续航达571公里；拥有创新电动科技的“新越野三件套”功能：“Off-Road Cr...全文 [组图共9张] 原图 ",2024-11-15 10:30,414,81,113
#纯电EQE全系升级增配#全系标配双电机，动力更强劲。搭载5G模块、数字钥匙等智能配置，你期待中的纯电，现已升级就位！ 梅赛德斯-奔驰的微博视频  ,2024-11-15 10:00,14,6,1
怎么品都有品的品质，开不开都安全的安全，看着开着都很拉风的设计，你懂的秒懂你的智能……舒适、科技、豪华、创新，这才是#何以奔驰惟有奔驰#的关键词！ 梅赛德斯-奔驰的微博视频  ,2024-11-14 16:48,48,15,3
今年，享誉全球的著名经典车赛事1000 Miglia首次落地中国，登陆广州，过去与未来将在此奇妙相遇。老车不老，他们从时光中走来，彰显着梅赛德斯-奔驰130年赛车运动中，那永不磨灭的创新与挑战精神。自1930年梅赛德斯-奔驰与该赛事结缘以来，众多经典车型在赛道上留下了传奇身影。今年，奔驰作为其战...全文 [组图共3张] 原图 ,2024-11-13 18:00,35,17,5
奔驰，何以为奔驰？这个问题的答案散落在奔驰近140年的历史当中我们始终立足当下，面向未来用数字化科技打造更智能的汽车并守护着你在车内的隐私安全智能出行时代何以奔驰，是更懂你的奔驰#何以奔驰惟有奔驰#  [组图共6张] 原图 ,2024-11-12 11:04,62,28,16
路途再远，安全也始终近在身边。新一代V级MPV 360度主被动安全防护，让旅程处处周全。 #奔驰V级MPV##大有天地##还得是奔驰大V# 梅赛德斯-奔驰的微博视频  ,2024-11-11 10:00,24,12,2
#天地即征途#从阿克苏向喀什一路奔驰，穿越峡谷与绿洲，登顶冰川高原，盘行于百转古道。#守护心中天地#以驰于壮阔的车辙与无畏的探索精神，向G级车传奇车主Gunther Holtorf和滚烫的越野精神致敬。#越野还得看大G# 2024梅赛德斯-奔驰SUV之旅，纵情于苍茫，从容凯旋；在天地间，在时光里，在旅途中找到...全文 ,2024-11-10 14:06,39,17,6
南疆归来，征途与守护，驰而不息。#守护心中天地#温宿大峡谷，传奇车队蜿蜒而至，穿越沙漠绿洲，于高原仙境眺望无尽之巅，静听慕士塔格峰的无声回响，纵擎驰骋在盘龙古道的百转天路上，直取昆路明珠班迪尔蓝湖，当帕米尔高原近在眼前，内心的宁静与力量，终被唤醒。#天地即征途#天地秀场间，探索传奇...全文 [组图共9张] 原图 ,2024-11-09 10:00,46,24,8
#天地即征途# 全新G 500越野归来，一场专为Ta定制的ASMR沉浸式清洗即将开始。泥泞车身与干净内饰，反差感拉满！#越野还得看大G# 解锁超「G」沉浸的视听盛宴。 梅赛德斯-奔驰的微博视频  ,2024-11-08 12:00,58,18,9
智能进阶，豪华如一高通8295智能座舱芯片、新增5G通信技术第三代MBUX智能人机交互系统车机互动更流畅，语音、导航再升级L2+导航辅助驾驶系统、全系标配带360°摄像头的智能泊车系统路况应对更从容，停车体验更丝滑便捷梅赛德斯-奔驰长轴距GLC SUV升级上市#奔驰GLC# 厂商建议零售价（人民币）：4...全文 [组图共9张] 原图 ,2024-11-07 12:31,52,35,10
请查收梅赛德斯-奔驰碰撞测试现场“暗黑大片”用创新性的检测技术保障你的行车安全#何以奔驰惟有奔驰#  [组图共4张] 原图 ,2024-11-06 13:00,48,20,11
奔驰，何以为奔驰？ 这个问题的答案散落在奔驰近140年的历史当中也在你安全抵达目的地的每一次旅程里安全，是我们跨越百年的承诺何以奔驰从我们安全工程师的“超能力”说起#何以奔驰惟有奔驰#  [组图共6张] 原图 ,2024-11-06 11:00,36,22,6
魔都地标下，公路即秀场。目光聚焦越野ICON的复古G调，即刻沉浸未来想象。梅赛德斯-奔驰携手盟可睐（Moncler）联合NIGO，打造Project G-Class Past II Future艺术车与系列服饰。G级越野车的传奇风范，超越时光，从1979年的街头，驶入未来创想。  [组图共9张] 原图 ,2024-11-05 18:00,43,22,3
传承45载的越野图腾，全新梅赛德斯-奔驰G 500以硬派实力开启传奇新篇。经典的越野三件套，配合电气化动力系统与数字化越野科技加持，#越野还得看大G#。超越G，唯有G。跟随全新G 500，从容踏上#天地即征途#2024梅赛德斯-奔驰SUV之旅，以平静与勇气，在宏大与壮丽中#守护心中天地#。...全文 ,2024-11-05 16:01,61,19,9
正片来袭！#奔驰无图L2++全球首秀#，采用端到端大模型，基于纯视觉方案，50分钟在上海城区跑21公里，全程0接管，“奔驰范儿”的智驾尽显行业头部实力#科技奔驰##何以奔驰惟有奔驰# 梅赛德斯-奔驰的微博视频  ,2024-11-04 15:41,213,36,20
复古优雅，代代相传。即刻沉浸S级秋游「代」入感。随第三代S级112系列的独特“尾鳍”，邂逅秋风；轻抚第四代S级108系列温暖棕色内饰，品味秋日雅趣；驾驶第五代S级116系列，层林尽染中，沉浸如梦般的安全感；与第七代S级140系列加速驶入灿然秋色；视线落入第十一代S级223系列的车身之上，落叶纷飞间...全文 [组图共9张] 原图 ,2024-11-04 14:00,64,28,9
#越野还得看大G#越野ICON在线炫G。全新纯电 G 级越野车搭载 “G-TURN”、“G-STEERING”和“off-road crawl”智能越野爬行模式，以“新越野三件套”，在2024梅赛德斯-奔驰SUV之旅中，带你抵达电动越野的传奇新境。#天地即征途##守护心中天地# 梅赛德斯-奔驰的微博视频  ,2024-11-03 18:19,149,23,51
十载征程#守护心中天地#，2024梅赛德斯-奔驰SUV之旅新疆站启动，去探索宏大与壮丽的征途，回应心中天地的呼唤。全新G级越野车家族，以史上最多元化的产品阵容，迎接首次全国试驾。秉承越野图腾的传奇基因的全新G 500，从赛道到高原的全新AMG G 63，以硬核科技与自然共生的全新纯电G级越野车，群山峻岭...全文 [组图共9张] 原图 ,2024-11-03 12:00,60,14,10
#2024英雄联盟全球总决赛#今晚上演！#梅赛德斯-奔驰#与英雄联盟赛事7年同行，从中国区首席合作伙伴到英雄联盟全球赛事独家汽车行业合作伙伴，见证了无数冠军的诞生。今年的召唤师杯又将花落谁家？此刻，由奔驰全球品牌大使费德勒驾驶#全新纯电G级越野车#特别涂装版冠军座驾护送的召唤师杯已抵达伦敦...全文 [组图共9张] 原图 ,2024-11-02 19:00,106,14,63
征程十载，遍历西域36国的足迹缓缓浮现，纵擎探索中，以向前的勇气和向阳的热忱，尽览天地之美，梅赛德斯-奔驰SUV家族#天地即征途#的雄心从未止步。2024梅赛德斯-奔驰SUV之旅新疆站启动仪式，全新纯电G级越野车传奇亮相，开辟豪华硬派越野新G元。#越野还得看大G##守护心中天地#，从阿克苏启程，向更...全文 ,2024-11-01 21:06,24,11,7
重磅预告！#奔驰无图L2++全球首秀#，采用端到端大模型的AI司机表现如何？马上见～#科技奔驰# 梅赛德斯-奔驰的微博视频  ,2024-11-01 12:00,22,10,7
2024英雄联盟全球总决赛冠亚军决赛明日打响！梅赛德斯-奔驰作为@英雄联盟 全球赛事独家汽车行业合作伙伴，打造全新纯电G级越野车特别涂装版冠军座驾，奔驰全球品牌大使罗杰·费德勒驾驶冠军座驾，护送召唤师杯前往伦敦O2体育馆，与全世界召唤师一同见证冠军的诞生。#全新梅赛德斯-奔驰纯电G级越野车#首...全文[查看全部图片/视频] ,2024-11-01 10:00,1157,85,113
驾驶惬意从容，乘员亦享安心守护。新一代V级MPV新增与升级多项驾驶辅助功能，助你安然前行。#奔驰V级MPV##大有天地##还得是奔驰大V# 梅赛德斯-奔驰的微博视频  ,2024-10-31 10:00,28,18,10
梅赛德斯-奔驰极端天气测试“现场路透”来查收高清美图#何以奔驰惟有奔驰#  [组图共7张] 原图 ,2024-10-30 10:00,78,24,15
亦商亦玩儿，#还得是奔驰大V#既是连续创业者，又是高阶运动玩家的@TOKEN胡依林 选择了新一代V级MPV作为相随创业的伙伴与奉陪撒野的玩伴。随胡依林视角，了解一位企业家如何兼顾事业与爱好，又为何再一次选择#奔驰V级MPV# #大有天地# 梅赛德斯-奔驰的微博视频  ,2024-10-29 10:00,35,15,6
奔驰，何以为奔驰？ 这个问题的答案散落在奔驰近140年的历史当中你向前安心奔驰的每一程背后都是奔驰对于品质的不懈执着何以奔驰今天从一个有点冷的故事说起#何以奔驰惟有奔驰#  [组图共6张] 原图 ,2024-10-29 10:00,36,21,6
#何以奔驰惟有奔驰#极端天气，影响出行？梅赛德斯-奔驰的车辆经历过从零下40°C到零上70°C的真实环境测试，用卓越的品质，保障你的每一程 梅赛德斯-奔驰的微博视频  ,2024-10-29 09:30,107,34,25
碧水丹山，星航共绘。梅赛德斯-奔驰携手十年合作伙伴中国国航共赴世界自然与文化双遗产地——武夷山国家公园，开启公益绿迹之旅。可持续发展理念根植于心，力践于行。自2007年梅赛德斯-奔驰以支持中国世界遗产地保护和管理项目开启在华公益之旅。迄今，已与15处世界遗产地及4大国家公园，开展深度合作...全文 [组图共9张] 原图 ,2024-10-26 16:29,96,28,40
敞开心绪，迎自由的风入怀，此刻，心动过曝。#全新CLE敞篷轿跑车#  原图 ,2024-10-24 17:00,56,30,19
#天地即征途#2024梅赛德斯-奔驰SUV之旅，传奇再续。梅赛德斯-奔驰SUV家族携全新纯电G级越野车，从都市秀场回归天地秀场，循迹丝路古道，从峡谷戈壁到雪山冰川，探秘西域古国，见证山河壮丽，感悟生命广阔，邀你探索传奇新境。#守护心中天地# 梅赛德斯-奔驰的微博视频  ,2024-10-23 10:28,50,29,15
在路上，找寻心中渴望定格的画面，于幕后，以影像创作进行观点表达。知名影像艺术家@黎晓亮Alexvi ，向你分享他的创作心得与新一代V级MPV的用车体验。在胶卷、快门编织的艺术世界中，邂逅#大有天地#，与#奔驰V级MPV#一起，继续再出发。我的拍档与好友，#还得是奔驰大V# 梅赛德斯-奔驰的微博视频  ,2024-10-23 10:00,18,10,4
如何依靠电机脱困？全新纯电G级越野车给你答案。纯电大G，让豪华硬派越野，正式进入电动时代！#奔驰大G# 梅赛德斯-奔驰的微博视频  ,2024-10-23 09:00,29,9,6
如何做好电池保护？全新纯电G级越野车给你答案。纯电大G，让豪华硬派越野，正式进入电动时代！#奔驰大G# 梅赛德斯-奔驰的微博视频  ,2024-10-23 09:00,29,6,3
如何让越野的速度慢下来？全新纯电G级越野车给你答案。纯电大G，让豪华硬派越野，正式进入电动时代！#奔驰大G# 梅赛德斯-奔驰的微博视频  ,2024-10-23 09:00,29,4,5
奔驰，何以为奔驰？这个问题的答案散落在奔驰近140年的历史当中也在无数个传奇的故事里今天，让我们回到传奇的开始一同见证大G的45载越野之旅#何以奔驰惟有奔驰#  [组图共6张] 原图 ,2024-10-22 11:00,80,35,19
传奇ICON燃爆魔都，多款G级越野车经典车型闪现黄浦江畔。经典与时尚，历史与传承，越野图腾的传奇在四十五周年之际再次引领风潮。任时光荏苒，唯传奇永恒。全新G级越野车再赴征途，传奇G续！#奔驰大G# 梅赛德斯-奔驰的微博视频  ,2024-10-22 10:38,13998,29597,1193
传奇与潮流交映，璀璨#Moncler Genius 天才之城#10月19日·上海，梅赛德斯-奔驰 × Moncler盟可睐天才之城完美落幕，感知独属于天才的创意夜晚。全新Project G-Class Past II Future艺术车的传奇才刚刚开始。 梅赛德斯-奔驰的微博视频  ,2024-10-22 10:30,31,7,5
独有的豪华感，于极致中臻现，在不经意间动人心弦。#S级轿车#  原图 ,2024-10-21 17:00,100,32,17
延续Project G-Class Past II Future艺术车的天才灵感，让经典元素成为行走的街头创想。梅赛德斯-奔驰携手@Moncler盟可睐 联合NIGO打造胶囊系列时尚单品。 梅赛德斯-奔驰的微博视频  ,2024-10-20 14:10,36,10,9
本季出街单品，由时尚“盟”友共同呈现。梅赛德斯-奔驰携手@Moncler盟可睐 联合NIGO打造：梅赛德斯-奔驰Past II Future G级越野车限量特别版，延续Project G-Class Past II Future艺术车的传奇灵感，全球限量发售20辆；胶囊系列时尚单品，让G级越野车的经典元素从公路走到秀场，融入街头时尚潮流。...全文 [组图共9张] 原图 ,2024-10-20 14:10,37,8,7
经典 ICON 的天才灵感，焕新呈现。梅赛德斯-奔驰与@Moncler盟可睐 再度携手，将天才灵感注入传奇新作。越野图腾与潮流文化的相遇，让复古格调成为生活方式的时尚缪斯，超越时间而风格永存。#Moncler Genius 天才之城# Project G-Class Past II Future 艺术车，如期而至。  [组图共7张] 原图 ,2024-10-19 20:17,64,17,9
「Project G-Class Past Ⅱ Future 艺术车」的天才灵感已就位。G刻出发，从经典驶向未来。目的地：#Moncler Genius 天才之城# @Moncler盟可睐 梅赛德斯-奔驰的微博视频  ,2024-10-19 20:13,33,4,1
超越经典，释义新篇。梅赛德斯-奔驰再度携手@Moncler盟可睐 ，联合NIGO共呈。今晚，天才之城见。#Moncler Genius 天才之城# [查看全部图片/视频] ,2024-10-19 16:31,41,11,5
欢迎梅赛德斯-奔驰G级越野车品牌大使@张艺兴 先生成为首批纯电G 580车主。#奔驰大G# #张艺兴-G级越野车品牌大使#  原图 ,2024-10-19 10:07,323761,266939,149707
梅赛德斯-奔驰欢迎歌手、演员@张艺兴 先生成为梅赛德斯-奔驰G级越野车品牌大使，传奇相遇，G艺超群。#奔驰大G# #张艺兴-G级越野车品牌大使#  原图 ,2024-10-18 22:07,1067531,906804,94518
以硬核越野性能，交融开创性电驱技术。G级越野车家族首款纯电量产越野车震撼来袭，承袭家族传统越野三件套：电动虚拟差速锁、电动低速越野挡功能和非承载式车身；凭借强悍智能电驱系统打造“新越野三件套”： “off-road crawl”智能越野爬行模式-上下坡时，实现“定速巡航”、“G-STEERING”转向功能...全文 [组图共9张] 原图 ,2024-10-18 21:02,180,29,32
越野图腾掣电抵沪，传奇盛宴等你来赴。“登峰造G”梅赛德斯-奔驰G级越野车之夜即将开启，一起见证传奇新篇。#奔驰大G# 梅赛德斯-奔驰的微博视频  ,2024-10-18 11:30,172,13,29
撷星光而来，于方寸之间遇见#大有天地#。2024年 VOGUE Forces of Fashion 时尚之力盛典今日启幕，梅赛德斯-奔驰担任独家汽车合作伙伴，快来看看新一代V级MPV上有没有你想见到的人😍赴约高光时刻，#还得是奔驰大V##奔驰V级MPV#  [组图共4张] 原图 ,2024-10-17 16:38,64,13,15
传奇ICON即将抵沪G级越野车多款历史标志车型闪现上海。经典与时尚，历史与传承，越野图腾的传奇新篇如期而至。“登峰造G”梅赛德斯-奔驰G级越野车之夜，即将启动。10月18日，邀你直击摩登传奇。#奔驰大G# 梅赛德斯-奔驰的微博视频  ,2024-10-16 18:00,90,16,15
历经45载传奇征程，全新G级越野车家族即将在“登峰造G”梅赛德斯-奔驰G级越野车之夜震撼齐聚。即刻预约直播，10月18日20:45，邀你一起见证。#任时光荏苒，唯传奇永恒##奔驰大G#  梅赛德斯-奔驰的微博直播 登峰造G 梅赛德斯-奔驰G级越野车之夜  ,2024-10-16 18:00,7314,1637,928
从喧嚣间，驶往心之安处。多年来，#奔驰V级MPV#始终担任顶奢度假酒店@柏联酒店 的贵宾用车，新一代V级MPV作为柏联酒店礼宾车队的新成员，携手昆明、景迈、重庆、和顺、黄果树5家柏联酒店打造尊享精选定制路线，邀你开启隐奢之旅，于山海之间邂逅#大有天地#柏联酒店尊享，#还得是奔驰大V#10月1日-12...全文 ,2024-10-16 10:00,28,11,9
当中式浪漫邂逅越野图腾，超越时间的生命力，以爱之名，风格永存。国际知名中国时装设计师陈鹏，延续其可持续发展的理念，将45000片青花瓷片回收、打磨，勾勒出盛放的玫瑰，镶嵌于车身之上，致敬G级越野车45年的传奇历程，创作G级越野车艺术作品《石破·天青》。作为时尚缪斯的G级越野车，集越野、艺...全文 [组图共9张] 原图 ,2024-10-16 09:00,118,17,29
梅赛德斯-奔驰全情支持2024上海劳力士大师赛。全力以赴，14载荣耀相伴；全场奔驰，传奇巨星倾力逐梦。2024梅赛德斯-奔驰网球季完美落幕！但传奇永不停息，精彩G续！ 梅赛德斯-奔驰的微博视频  ,2024-10-15 20:29,37,14,6
乐高大G勇闯梅赛德斯-奔驰大厦！三大试炼接连来袭！🔥Ta能否集齐试炼勋章，解锁发布会邀请函？🎟️10月18日，上海梅赛德斯-奔驰G级越野车之夜！乐高大G已经整装待发，快来一探究竟！🚙#快乐拼满G刻开玩##G级越野车##奔驰大G#  梅赛德斯-奔驰的微博视频  ,2024-10-15 18:01,54,28,19
十一假期，奔驰车主怎么过？智能出行报告已发布，一起看看👀同级智能驾驶标杆，如何成就小长假惬意奔驰的新体验：AI老司机的智驾里程新记录；“油电同智”的高阶享受；智能泊车的升级体验，全方位公开。第三代MBUX的便捷交互为奔驰车主带来了哪些快意时光：语音助理的豪华范儿；车载娱乐的高频...全文 原图 ,2024-10-11 10:00,37,20,220
一辆车如何成为图腾？一个ICON如何成就传奇？潮流不断更替，但忠于自我的风格却永远存续。当从前成为经典，现在成为风潮，最后，变成了传奇。梅赛德斯-奔驰携手吕燕翩然呈现上海时装周开幕秀 梅赛德斯-奔驰的微博视频  ,2024-10-10 17:31,204,21,95
"探索以想象为翼，共创为破界而生梅赛德斯-奔驰 x Moncler 盟可睐合作打造的PROJECT MONDO G艺术车首度登临魔都10月9日-10月18日，上海·新天地时尚 | 户外广场""登峰造G""梅赛德斯-奔驰限时空间无限灵感，与您相遇 梅赛德斯-奔驰的微博视频  ",2024-10-09 14:00,63,15,84
全力以赴，15载荣耀相伴，全场奔驰，谱写华彩瞬间，2024中国网球公开赛圆满落幕，梅赛德斯-奔驰网球季燃情不断 梅赛德斯-奔驰的微博视频  ,2024-10-08 20:08,64,11,16
穿越时光，与经典相遇回顾难忘瞬间，依然心潮澎湃梅赛德斯-奔驰作为OCR晒车节的深度合作伙伴和超级参与者，与车迷、车友们一同狂欢，因热爱相聚，因相聚而更加热爱，Let’s shine together！ 梅赛德斯-奔驰的微博视频  ,2024-10-07 16:20,50,11,23
#世界动物日#同一方热土，同一个家园。#奔驰#“动物”世界兜风指南，向野而奔，愿所有生命都能被温柔以待！  [组图共6张] 原图 ,2024-10-04 10:00,109,21,35
时光流转，梦幻依旧自70年前梅赛德斯-奔驰300SL开启关于Super Light的极致追求缓缓升起的鸥翼带着汽车的梦想一同起飞 梅赛德斯-奔驰的微博视频  ,2024-10-02 10:00,56,28,15
汽车史上最著名的设计师之一布鲁诺·萨科（Bruno Sacco）数十年间塑造了梅赛德斯-奔驰众多标志的风格。其中他最爱和引以为傲的是 126 系列的豪华轿车和双门轿跑车。获悉他去世的消息，我们深感悲痛。他出生于意大利，1958年加入梅赛德斯-奔驰，直至1999年退休，以其标志性的设计和对美学的热情给公司留...全文 [组图共3张] 原图 ,2024-09-30 12:41,41,24,18
让我看看有谁在#周日#上班？ 全球咖啡日，Mr. AMG给你的精神头儿加满油！横扫班味儿，血脉觉醒，等你进站！#AMG##咖啡# 评论区分享出奔驰与咖啡的故事，秀出你的“啡”凡时刻！ 梅赛德斯-奔驰的微博视频  ,2024-09-29 10:00,47,16,23
2024年中国网球公开赛已开赛一周上海劳力士大师赛进入倒计时3️⃣天作为两项顶级赛事的官方搭子我们为各位观赛“网”友带来一份超默契的「合拍词典」📒从容享受速度与风度的优雅进阶#开奔驰打网球真的很搭# 你的“网”感如何？🎾即刻载上你的网球搭子奔向心驰神往的球场吧！😆  [组图共9张] 原图 ,2024-09-27 11:00,51,20,12
@ 全体玩家，你收到了一封跨次元的邀请 👂穿越时空，开启异世界的别样旅程！准备好了吗，千万别眨眼，G刻跟随奔驰G 500驶入乐高所在的次元！😍看完视频还没过瘾？别着急，线下还有更多精彩等着你！📢乐高“热爱不打烊”消费者体验活动即将登陆北京751火车头广场🤳传奇奔驰G 500惊艳亮相，...全文 ,2024-09-27 10:00,194,60,156
从平平无奇的路人，到实力超神的全明星，是背后日常训练里一次又一次的死磕到底、坚持自我，才能用实力打破质疑，GANK那些唱衰的人。不服？来2024全球总决赛对线，让你#眼见为实##英雄联盟S14##2024全球总决赛##Worlds2024##EQE纯电SUV# 梅赛德斯-奔驰的微博视频  ,2024-09-26 12:00,16,10,5
蕴含尖精科技的智能数字大灯，每盏拥有3个超强功率LED，合计260万像素的视频流，顷刻间照亮未来之路。#奔驰的标准#，是在车灯的智能科技路上不断创新，引领行业发展；也是在夜的深邃中，守护照亮安全的每一步 梅赛德斯-奔驰的微博视频  ,2024-09-26 09:52,24,21,7
世界上只有两种氛围灯：一种叫奔驰的氛围灯，其他的都叫灯。奔驰以64色环绕设计与8000小时恒久光辉，拿捏每处细节的舒适和美感。结合智能与情感打造出的氛围，才是#奔驰的标准# 梅赛德斯-奔驰的微博视频  ,2024-09-26 09:51,48,19,9
你知道么？奔驰不仅是汽车的发明者，也是车灯的引领者。从车上的第一盏烛火，到璀璨的科技明灯，138年来，传承、安全、情感与智能的灯光发明持续照亮人类出行的未来，见证三叉星徽永不熄灭的创造热情 梅赛德斯-奔驰的微博视频  ,2024-09-26 09:50,25,12,9
行于东西交迭之界，与时尚优雅共鸣。梅赛德斯-奔驰作为汽车发明者，不断以先锋之姿站在潮流前沿，让三叉星的光芒在伦敦、纽约、柏林等世界主要时装周激情闪耀 。此次梅赛德斯-奔驰与上海时装周首度携手，作为官方指定汽车合作伙伴，联袂呈现2025春夏上海时装周，并将与中国内地超模、服装设计师吕燕...全文 [组图共12张] 原图 ,2024-09-24 18:00,49,20,18
优雅开合之间，电启超然新程智慧加持驾驶，直抵巅峰至境全新梅赛德斯-迈巴赫EQS纯电SUV同超乎想象，共赴至臻天地 梅赛德斯-奔驰的微博视频  ,2024-09-24 09:30,30,11,3
今天网球局，新学到的OOTD搭配🎾一拍即合的“网”感大片即使在球场边，也很出片～#开奔驰打网球真的很搭#  上海劳力士大师赛开赛倒计时一周截至9月27日12:00评论区分享你在网球场上的精彩瞬间我们将根据留言内容抽取5位幸运球友分别送上2张上海劳力士大师赛门票*观赛日期以实际收到的票面...全文 [组图共9张] 原图 ,2024-09-23 10:10,118,37,108
踏阶而上关怀倍显，至臻设计豪华尽现交错觥筹间，从容逾山越海梅赛德斯-迈巴赫GLS SUV邀@秋晨同学 入座，一起开启礼遇天地之旅 梅赛德斯-奔驰的微博视频  ,2024-09-23 09:30,90,28,20
今日#秋分#万物秋爽，恰如其分；梅赛德斯-奔驰愿您不慌不忙，顺时而奔！#智能豪华独E无二# 梅赛德斯-奔驰的微博视频  ,2024-09-22 10:00,51,24,19
赢得了比赛，更赢得了目光👀这样的网球“搭子”，很难不心动💓！#开奔驰打网球真的很搭# 评论区分享出你最想拥有哪件网球“搭子”单品🎁截至2024年9月23日12:00我们将根据留言内容抽取15位球友分别送上奔驰网球周边1套～快来和#网球搭子一起奔驰#，让球技buff加满吧！*周边套装含定制...全文 [组图共6张] 原图 ,2024-09-20 13:30,575,122,455
新一代V级MPV焕新升级，双大满贯得主、青少年网球推广者 @郑洁 选择了V-Class作为自己的网球逐梦搭档，请她来告诉大家为什么#还得是奔驰大V##奔驰V级MPV##大有天地# 梅赛德斯-奔驰的微博视频  ,2024-09-20 11:18,24,9,8
承载着艺术的力量，梅赛德斯-奔驰携手艺术殿堂@国家大剧院，为您献上布鲁克纳“浪漫”交响曲，奏响跨时空的不朽乐章。9月25日国家大剧院，梅赛德斯-奔驰艺境和鸣音乐会，共同品味百年传奇在艺术之路上的礼赞和回馈。 梅赛德斯-奔驰的微博视频  ,2024-09-20 11:00,23,9,7
开天地之序，纵横万水千山傲然越野任驰骋，境到逆处仍从容梅赛德斯-迈巴赫GLS SUV让心之所向，锐不可当 梅赛德斯-奔驰的微博视频  ,2024-09-20 09:30,37,9,7
球场边的梅赛德斯-奔驰跨越一个多世纪，以优雅的摩登风采陪伴TA们穿梭在生活场与网球场之间完美诠释 #开奔驰打网球真的很搭# 评论区分享出你「开奔驰打网球」的风采时刻截止9月22日12:00我们将抽取5位幸运球友分别送上2张2024中国网球公开赛-钻石球场门票*观赛日期以实际收到的票面日期为准  [组图共9张] 原图 ,2024-09-19 12:25,71,31,49
以器成礼，敬迎当代贤达至臻空间，尽显宏阔格局梅赛德斯-迈巴赫S级轿车与礼道并行致远，风雨亦从容 梅赛德斯-奔驰的微博视频  ,2024-09-19 09:30,75,33,6
MAYBACH x David LaChapelle | 超现实主义景观作品致敬1930年代盛行于巴黎的超现实主义艺术流派，重复的表现手法结合非传统元素，辅以戏剧、舞蹈等多样化的艺术载体，摆脱桎梏，开启梅赛德斯-迈巴赫GLS SUV的超现实之旅 MAYBACH x David LaChapelle，佳作展览北京 · 今日美术馆2号馆，9月15日至9月...全文 ,2024-09-17 10:00,27,13,8
MAYBACH x David LaChapelle | 未来主义景观作品灵感源自未来主义艺术流派，梅赛德斯-迈巴赫EQS纯电SUV与金字塔两大工程杰作比肩而立，结合表演者及飞碟等天马行空的视觉元素，呈现古典交融未来科幻的奇妙观感 MAYBACH x David LaChapelle，佳作展览北京 · 今日美术馆2号馆，9月15日至9月25日车主...全文 ,2024-09-16 10:00,24,14,9
MAYBACH x David LaChapelle | 立体主义景观作品融合多位立体主义先驱的艺术风格，以立体主义的大胆革新对话梅赛德斯-迈巴赫S级轿车的永恒优雅，呈现充满生机与活力的视觉震撼 MAYBACH x David LaChapelle，佳作展览北京 · 今日美术馆2号馆，9月15日至9月25日车主观展福利：持奔驰车钥匙或Mercede...全文 ,2024-09-15 10:10,44,13,44
#中秋#将至，迎月来，月圆人如愿。一轮圆月，G送相思。梅赛德斯-奔驰与@乐高中国 一起，愿您所念常相见。中秋归家，你pick哪一辆G？#G级越野车#  评论区分享您中秋最想“奔驰”去哪里，截至9月19日12:00，我们将抽取3位幸运粉丝送出「Urban系列飞盘一个」与「G级越野车回力车车模一辆」...全文 ,2024-09-15 09:30,299,105,281
至臻奇思，超越想象。梅赛德斯-迈巴赫再度携手世界最伟大的当代艺术家之一David LaChapelle(大卫·拉切贝尔)，以迈巴赫臻品焕化创作灵感，打造三幅旷世杰作，探索梅 赛德斯-迈巴赫与艺术世界的文化共鸣与共享精神MAYBACH x David LaChapelle，佳作展览北京 · 今日美术馆2号馆，9月15日至9月25日 车主...全文 ,2024-09-14 18:00,28,11,8
自有驰来风 ｜ 人与自然共舞莫干山间，众人各得从容，心归自有天地。作家@宋茜 灵感涌动；植物学学生@这是邱天 手中的叶片诉说着山林的故事；女明星@王雯琴 再度投入角色；救生员@春夏_x 在泳池旁洞察一切；茶农@歐陽娜娜Nana 带着迷途的小鸭归途；放映员@陈靖可 在山间放映光影故事。山顶上，天色骤...全文 ,2024-09-14 15:00,354,26,38
自有驰来风 ｜ 女明星出神一刻女明星@王雯琴 在莫干山沉浸演绎，一抹意外打破沉思。她再次专注，这不正是新的开始？ 莫慌，再来一次，次次生动。生动亦心动。#奔驰CLE##有远见的生活##自有驰来风# 梅赛德斯-奔驰的微博视频  ,2024-09-14 14:00,18,9,4
"转发理由:提车快乐！🎉🎉上一代大V车主，又一次选择了#奔驰V级MPV#。用心呵护所爱，#还得是奔驰大V# 🔗即刻Get吴尊同款大V 网页链接  
原始用户: 吴尊
转发内容: 答应大家的最新款#奔驰V级MPV#提车分享来咯！😉这次我们全家一起出动，来到4S店把“老朋友”带回家啦🎉而且弟弟超级厉害👍，有负责这条提车的Vlog很多镜头拍摄哦📹             #大有天地##还得是奔驰大V# 吴尊的微博视频  ",2024-09-14 10:00,125,18,14
复古掀起潮流，经典全新演绎。一年一度的汽车主题嘉年华「OCR晒车节」即将盛大启幕，梅赛德斯-奔驰作为深度合作伙伴和超级参与者，向你发出正式邀请。10月3日-5日，绍兴·浙江国际赛车场，让我们为热爱相聚，Shine together！评论区留言，你在OCR晒车节最期待见到的奔驰车型。截止9月16日12:00，我们...全文 ,2024-09-13 22:47,32,5,12
明明是台新座驾，却默契得像老朋友。新一代V级MPV携多项智能化升级，见微知著般懂你，恰到好处地帮你。#奔驰V级MPV##大有天地##还得是奔驰大V# 梅赛德斯-奔驰的微博视频  ,2024-09-12 14:00,22,12,5
自有驰来风 ｜ 电影放映员随机应变莫干山的夜色中，电影放映机故障，放映员@陈靖可 镇定应对，众人齐心，光影交织，故事悄然展开。莫慌，电影讲述故事，而人活出故事。光影流转，从容演绎。#全新CLE敞篷轿跑车##有远见的生活##自有驰来风# 梅赛德斯-奔驰的微博视频  ,2024-09-12 12:00,14,7,3
#天地即征途#越野图腾，始于1979，长白圣地，传奇G续。泥泞、岩石、涉水，深入G-Class Only专属越野区域，极境之中，释放强悍实力，G级越野车拓界豪华，书写不朽传奇。#守护心中天地# 梅赛德斯-奔驰的微博视频  ,2024-09-11 18:00,30,10,11
面对面会客，才是高规格待客。新一代V级MPV座椅布局灵活多变，让沟通真诚无间。#奔驰V级MPV# #大有天地# #还得是奔驰大V# 梅赛德斯-奔驰的微博视频  ,2024-09-11 14:00,19,8,8
自有驰来风 ｜ 植物学学生寻一片树叶植物学学生@这是邱天 在莫干山漫步，一片叶子轻落车窗外，仿佛山林秘语。丢失与重获间，自然的馈赠悄然而至。  莫慌，一叶知山，见树也见林。迎风入怀，邂逅心动。#全新CLE敞篷轿跑车##有远见的生活##自有驰来风# 梅赛德斯-奔驰的微博视频  ,2024-09-11 12:00,24,4,5
自有驰来风 ｜ 作家灵感破界一刻作家@宋茜 驶入莫干山，环境一变，灵感乍现。顶篷开启，天地开阔，某种奇遇正待她发现。  莫慌，文字有界，身心无拘。打开顶篷，此刻采风。#全新CLE敞篷轿跑车##有远见的生活##自有驰来风# 梅赛德斯-奔驰的微博视频  ,2024-09-10 13:31,7048,561,698
65年前的今天，梅赛德斯-奔驰完成了人类历史上首次实车系统性碰撞测试。撞击仅仅一瞬，但奔驰为汽车工业奠定的基础，领跑探索碰撞安全的余音却响彻至今。向2050年“零致命性交通事故”愿景继续迈进 #科技奔驰#  原图 ,2024-09-10 10:18,46,10,7
坐享从容，亦不失驾控快意。新一代V级MPV驾乘体验全面升级，每一种路况，都为你应答如流。#奔驰V级MPV##大有天地##还得是奔驰大V# 梅赛德斯-奔驰的微博视频  ,2024-09-09 14:39,22,11,5
智能进化，高性能芯片全面提升驾乘体验。高通8295芯片释放更强的AI算力，运行更流畅；L2+导航辅助驾驶系统，应对各种路况更从容；全场景免唤醒，语音识别更准确；Unity渲染沉浸式3D地图，导航更直观；搭载360度摄像头，智能泊车更丝滑；兼容安卓+3年无限流量，车载娱乐更丰富。梅赛德斯-奔驰长轴距C...全文 ,2024-09-09 11:00,39,29,10
"以C位姿态，智能进化高通8295芯片释放更强算力L2+导航辅助驾驶系统，应对路况更从容新增智能泊车功能停车更便捷更智能，更精准，更懂你#入座你的舒适区#梅赛德斯-奔驰长轴距C级车焕新上市厂商建议零售价：人民币334,800—410,600元  [组图共6张] 原图 ",2024-09-09 10:30,43,22,13
#天地即征途# 登顶天池 在海拔2470米之巅，探秘被誉为“世界最高火山湖”的传奇水源；深入原始丛林，寻觅山中灵参的生长秘密。对生灵万物，心怀敬畏，梅赛德斯-奔驰SUV家族与你守护每一寸被足迹丈量过的土地。#守护心中天地# 梅赛德斯-奔驰的微博视频  ,2024-09-06 18:21,28,20,4
#天地即征途# 长白山脉追寻沉积千万年的自然遗迹，G级越野车穿行于《山海经》中的“不咸山”，直抵长白山第一村；体验非遗文化的灿烂传承，沉浸古老文明凝结的智慧想象，梅赛德斯-奔驰SUV家族带你一起探秘历史传奇印迹。#守护心中天地# 梅赛德斯-奔驰的微博视频  ,2024-09-05 18:00,38,20,7
新一代EQA纯电SUV，为每一次出行带来自由灵动的驾乘乐趣。#自由灵动，这很奔驰# 梅赛德斯-奔驰的微博视频  ,2024-09-04 17:40,31,17,4
外显实力，内蕴从容。#奔驰GLE SUV#  [组图共2张] 原图 ,2024-09-02 17:00,131,37,24
纳天地于心，方能识变从宜。新一代V级MPV以广阔天地，打造灵活多变的奢阔空间。#奔驰V级MPV# #大有天地# #还得是奔驰大V# 梅赛德斯-奔驰的微博视频  ,2024-08-30 10:00,27,13,8
梅赛德斯–奔驰热情登陆成都国际车展4号馆，全品牌28款瞩目车型诚邀莅临，8月30日-9月8日，#奔驰在成都# ，巴适得很！ 梅赛德斯-奔驰的微博视频  ,2024-08-30 09:00,34,12,9
以身心入境，寻觅浮华之间的那一隅独享天地。新一代V级MPV，以独到豪华氛围，伴您探索人生的无限可能。#奔驰V级MPV# #大有天地# #还得是奔驰大V# 梅赛德斯-奔驰的微博视频  ,2024-08-29 10:00,34,12,4
细节之处，睹真章。新一代V级MPV以小见大，在匠心巧运之中，阅见温润内在。#奔驰V级MPV##大有天地##还得是奔驰大V# 梅赛德斯-奔驰的微博视频  ,2024-08-28 10:00,23,15,15
#奔驰的标准#你知道，汽车发明者同样也是底盘的发明者吗？138年间，从被动悬挂到主动式悬挂，梅赛德斯-奔驰始终引领着汽车底盘技术的发展，并为行业奠定了“魔术车身控制系统”等许多智能技术的基础 梅赛德斯-奔驰的微博视频  ,2024-08-27 20:13,35,26,4
#奔驰的标准#拥有“高级感”的底盘是玄学？奔驰说，不，是科学！奔驰不信各种“伪命题”，而是打造出一套对底盘科学的客观评价标准，结合“金屁股”工程师丰富的主观经验，让每一辆奔驰，一开就知道是奔驰！ 梅赛德斯-奔驰的微博视频  ,2024-08-27 20:12,35,24,8
耀于其形，展示大家风范。新一代V级MPV承袭梅赛德斯-奔驰百年豪华底蕴，为你诠释设计的豪华。#奔驰V级MPV##大有天地##还得是奔驰大V# 梅赛德斯-奔驰的微博视频  ,2024-08-27 10:00,22,6,3
微风轻拂，阳光正好此刻，休憩一下让熠熠星光，点亮此刻自由时光把生命力的电量充满#青松奔驰这很松弛# #青松奔驰# #EQA# #EQB#评论区点赞，一起和奔驰轻松一下。截止9月10日中午12:00，我们将抽取20位幸运用户，各送一个星徽随行小青松～  [组图共9张] 原图 ,2024-08-27 10:00,937,27,156
入座由Bouclé软呢织物点缀的#梅赛德斯-迈巴赫S级Haute Voiture限量高定#座舱，于至美设计中探触至臻匠心。  [组图共2张] 原图 ,2024-08-26 17:00,89,24,12
新一代V级MPV多达25项的产品力全面焕新，不仅为车内一方天地带来全新观感，更以进取之姿助你抵达更大的新天地。#奔驰V级MPV##大有天地##还得是奔驰大V# 梅赛德斯-奔驰的微博视频  ,2024-08-26 10:00,47,16,8
"转发理由:老友重逢🤝 欢迎@吴尊 先生再次选择V级车，成为新一代V级MPV首位车主。#奔驰V级MPV#  
原始用户: 吴尊
转发内容: 回到老家泉州，揭晓“老朋友”的焕新时刻😉作为奔驰V-Class老车主的我，也是新一代大V的首位车主🥇🔑之后提车再和大家分享哦🙌❤️🚗#奔驰v级mpv#  [组图共6张] 原图 ",2024-08-24 20:49,401,375,390
"大有天地新一代V级MPV现已上市厂商建议零售价(人民币)：V 300 领航版：496,800元V 300 尊贵版：609,800元V 300 L 长轴距尊贵版：639,800元V 300 L 长轴距豪华版：669,800元网页链接#奔驰V级MPV##大有天地#  [组图共9张] 原图 ",2024-08-24 20:07,85,4048,33
焕新自内而外，奢享空间一如既往。新一代V级MPV以全面产品力革新，带来全方位的豪华驾乘体验；以傲视同级之大，为你容纳一切所需所想。此刻，于#奔驰V级MPV#中，尽享#大有天地# 梅赛德斯-奔驰的微博视频  ,2024-08-24 20:00,149,20,92
#长轴距E级运动轿车#一出场，就描绘了浑然天成的氛围感。感性纯粹的轮廓与自然融为一体，是颜料画不出的美；星徽点缀下，将与生俱来的优雅融入每一寸肌理；轻而易举，收获所有目光。#智能豪华，独E无二#  [组图共6张] 原图 ,2024-08-23 10:00,48,18,9
content,publish_time,like_num,forward_num,origin_img_urls,is_origin,comment_num
在海拔1445米的越野圣地舍克尔山，G级越野车自1979年起便在此淬炼。2025 AMG & 大G车主俱乐部海外探秘之旅中，车主在这里亲历“新越野三件套”（Off-Road Crawl智能越野爬行、G-STEERING转向、G-TURN原地调头），领鉴纯电G级越野车的悍然实力。带话题#征服从G开始##G级硬核时刻# 评论或转发，聊聊你们...全文 [组图共12张] 原图 ,2025-07-30 14:20,101,28,18
奔驰和宝🐎的合照好友搭配，快乐加“备”打开#全新纯电CLA#101L前备箱解锁满载惊喜网页链接包快乐的！#国际友谊日#  [组图共2张] 原图 ,2025-07-30 10:00,1062,39,139
#北京是家，风雨同行#梅赛德斯-奔驰星愿基金与经销商伙伴驰援北京暴雨灾区。包括帐篷、被褥、折叠床、风扇、方便食品在内的第一批急需物资将在明天送达受困群众手中，为帮助灾区同胞渡过难关提供绵薄之力。  原图 ,2025-07-29 23:35,272,19,54
2025梅赛德斯杯中国总决赛巅峰对决精彩收官，热烈祝贺三位胜出选手，他们将代表中国，于金秋十月征战德国斯图加特世界总决赛，向世界展现中国高尔夫的风采！本次赛事的中线最佳表现选手，将有幸踏上英国皇家波特拉什的荣耀之旅，感受历史最为悠久的殿堂级赛事The Open英国公开赛的传奇魅力！在绿...全文 ,2025-07-29 20:04,274,20,22
和挚友一同背起球包奔赴热爱所在的果岭之境驰骋之间，是风景亦是臻境挥杆之间，是竞技亦是从容阔步奔驰，终抵同一片山海天地#2025梅赛德斯杯中国总决赛##挥洒间洞见天地# 梅赛德斯-奔驰的微博视频  ,2025-07-27 13:12,71,15,33
在海拔1445米的越野圣地舍克尔山，G级越野车自1979年起便在此淬炼。2025 AMG & 大G车主俱乐部海外探秘之旅中，车主在这里亲历“新越野三件套”（Off-Road Crawl智能越野爬行、G-STEERING转向、G-TURN原地调头），领鉴纯电G级越野车的悍然实力。带话题#征服从G开始##G级硬核时刻# 评论或转发，聊聊你们...全文 [组图共12张] 原图 ,2025-07-30 14:20,101,28,18
奔驰和宝🐎的合照好友搭配，快乐加“备”打开#全新纯电CLA#101L前备箱解锁满载惊喜网页链接包快乐的！#国际友谊日#  [组图共2张] 原图 ,2025-07-30 10:00,1062,39,139
#北京是家，风雨同行#梅赛德斯-奔驰星愿基金与经销商伙伴驰援北京暴雨灾区。包括帐篷、被褥、折叠床、风扇、方便食品在内的第一批急需物资将在明天送达受困群众手中，为帮助灾区同胞渡过难关提供绵薄之力。  原图 ,2025-07-29 23:35,272,19,54
2025梅赛德斯杯中国总决赛巅峰对决精彩收官，热烈祝贺三位胜出选手，他们将代表中国，于金秋十月征战德国斯图加特世界总决赛，向世界展现中国高尔夫的风采！本次赛事的中线最佳表现选手，将有幸踏上英国皇家波特拉什的荣耀之旅，感受历史最为悠久的殿堂级赛事The Open英国公开赛的传奇魅力！在绿...全文 ,2025-07-29 20:04,274,20,22
和挚友一同背起球包奔赴热爱所在的果岭之境驰骋之间，是风景亦是臻境挥杆之间，是竞技亦是从容阔步奔驰，终抵同一片山海天地#2025梅赛德斯杯中国总决赛##挥洒间洞见天地# 梅赛德斯-奔驰的微博视频  ,2025-07-27 13:12,71,15,33
一镜到底的S级氛围感，谁懂😍踏上专属发光迈巴赫标识迎宾踏板✨开门，入座，一触Nappa真皮内饰的柔软🥰沉浸于主动式环境氛围灯的光影流转🎆即刻与梅赛德斯-迈巴赫S级轿车一起品味这场夜色之旅🌃#迈STYLE# 梅赛德斯-奔驰的微博视频  ,2025-07-26 17:00,110,14,18
夏日防“shy”☝️还好有#全新纯电CLA#全景式天幕可同时实现99.9%的紫外线与98.3%的红外线防护，防晒双重保护⛱️这一“夏”，大胆出街！🚘 梅赛德斯-奔驰的微博视频  ,2025-07-25 13:44,174,11,40
二十三载征途再启，2025梅赛德斯杯中国总决赛，即将于海南万宁·神州高尔夫球会优雅开杆。 果岭如镜，椰风轻拂，光影流转时，挥洒天地间。 通往德国世界总决赛的荣耀席位，以及英国公开赛的沉浸式球赛体验席位将在此揭晓。品牌使者梁文冲携全国球手整装集结，一同奔赴高光时刻。#挥洒间洞见天地...全文 ,2025-07-25 10:00,346,46,24
一场仪式感拉满的S级果岭之约⛳️喝一杯咖啡☕️、行一程绿道🚘、见证一次挥杆🏌️♂️开#S级轿车#下场打球的仪式感从不让人失望球场中的优雅瞬间它都懂不喧不扰，仿佛你的型格延续🕴️落座其中，风景与心绪都找到合适的位置🌿🪟2025梅赛德斯杯全国总决赛即将启幕120位车友选手将...全文 ,2025-07-24 09:45,550,44,62
爱，如#奔驰大G#般鲜明。   [组图共3张] 原图 ,2025-07-23 10:00,216,31,36
#大暑#🌞纳凉🍃有瓜🍉速来上车🚙「梅赛德斯-奔驰 消暑大篷车」正式营业🈺线上吃瓜，奔驰#V级MPV# 邀你入座三伏天的吃瓜自由，是大V给的！  [组图共8张] 原图 ,2025-07-22 10:00,86,14,19
山川不曾动摇，而迈巴赫的旅人亦如群山般坚定百年时光轮转，当阿尔卑斯的晨光再次照见迈巴赫这已不止是汽车的远行，而是时光与精神的共赴#迈巴赫SW38##迈巴赫百年蜜月之旅# 梅赛德斯-奔驰的微博视频  ,2025-07-21 10:00,83,12,27
飞驰在曲折的盘山道，优雅驻留于千年古堡旁时光里的迈巴赫，经得起每一个弯道的考验，也受的住每一寸时光的凝视#迈巴赫S级轿车##迈巴赫百年蜜月之旅# 梅赛德斯-奔驰的微博视频  ,2025-07-20 10:00,106,19,16
当2025年的梅赛德斯-迈巴赫车队🚙重启一场1925年一对德国夫妇的2200公里的阿尔卑斯山冒险之旅🏔️在当代车型与“高山征服者”迈巴赫22/70 hp W3的跨世纪对话中感知来自百年前5.7升直列六缸发动机（70马力/2200转）的强大性能用现代科技致敬百年传奇🫡续写迈巴赫“无惧挑战、追求卓越”的...全文 [组图共17张] 原图 ,2025-07-19 11:00,126,14,21
阿尔卑斯的群山之间，藏着最炽热的浪漫从1925到2025，迈巴赫穿越阿尔卑斯重启百年蜜月之旅，于“巅峰”之上见巅峰#迈巴赫SL##迈巴赫百年蜜月之旅# 梅赛德斯-奔驰的微博视频  ,2025-07-19 10:00,105,13,24
"转发理由:开奔驰，坐奔驰，玩奔驰🥳 车手们，快上车！我们热湾见🫡  
原始用户: 极品飞车集结
转发内容: #极品飞车集结[超话]# 极品飞车：集结与梅赛德斯-奔驰奔驰合作，将腾讯首个开放世界赛车手游带入奔驰第三代MBUX 智能人机交互系统。正值《极品飞车：集结》一周年之际，为第三代MBUX车机系统定制的版本已经于7.16正式上线。继移动设备和PC后，玩家也可以在奔驰车机上畅享《极品飞车：集结》带给你的...全文 [组图共9张] 原图 ",2025-07-18 19:43,54,6,10
谁懂🥹在现实世界看见了「超现实主义座驾」！全新纯电CLA✖️KidSuper拉力赛车顶架🚙灵感源自奔驰F200 Imagination概念车的轮毂🛞还有挂在车身上可以随时带你“起飞”的热气球🎈……用牛仔帆布与铆钉拼贴打造的外壳下是未泯的童心和天马行空的想象力💭来！坐上这辆「满血状态」的...全文 [组图共12张] 原图 ,2025-07-18 14:14,453,22,79
古堡周末的dress code：复古黑。  [组图共2张] 原图 ,2025-07-18 10:00,122,17,24
好天气值得一个好排面。#迈巴赫S级#  [组图共3张] 原图 ,2025-07-17 14:00,255,22,61
👩➕🚙➕💐➕🐶🟰❓#世界emoji日# 今天你emoji了吗⁉带上小狗🐶和好天气🌞花花💐和#全新纯电CLA#🚙网页链接评论区用「4个emoji」形容你今天的好心情，我先来👩➕🚙➕💐➕🐶 梅赛德斯-奔驰的微博视频  ,2025-07-17 10:00,113,9,57
一次S级的耳部SPA👂进入#S级轿车#内，一镜到底体验柏林之声🎵温馨提示：请戴上耳机观看此视频🎧 梅赛德斯-奔驰的微博视频  ,2025-07-16 20:54,1495,22,58
落日前，见一面。#CLE敞篷轿跑车#  [组图共3张] 原图 ,2025-07-16 17:00,171,21,50
有大V的夏日，总是大有乐趣！#V级MPV#  原图 ,2025-07-15 10:00,96,9,28
周一，#奔驰大G#os：GO！  原图 ,2025-07-14 10:00,445,29,106
🎾 新球已备好！🙌 摩拳擦掌，周末上场 🎾#开奔驰打网球真的很搭##网球搭子一起奔驰##CLE敞篷轿跑车# 梅赛德斯-奔驰的微博视频  ,2025-07-12 16:38,107,14,28
周末，我们就这样一起放空。#奔驰大G#  [组图共3张] 原图 ,2025-07-11 17:00,311,33,71
全新纯电CLA「限时下订有好礼」现已开启🎁限时3000元下订💰订金膨胀最高可达10倍💥享受多重惊喜🎁即刻快乐开冲🚀点击了解权益详情 速来解锁 🚗💨网页链接  [组图共5张] 原图 ,2025-07-11 16:00,447,25,105
品味：找到挚友的捷径。  [组图共4张] 原图 ,2025-07-10 17:00,168,18,46
当S级老照片动起来，尘封的故事感被唤醒。穿越时空的S级“动态”，请查收✉️左滑👈查看穿越时空的S级动态#S级轿车#  [组图共9张] 原图 ,2025-07-10 10:38,133,42,37
🐎住！绝美球场的夏日巡礼⛳️湖光山色，林影天光，奔驰高尔夫之旅，是一次次与风度和自然胜景的重逢。 自2003年进入中国，从云端高地到滨海果岭，梅赛德斯杯已与球友们走过无数绿茵。2025梅赛德斯杯中国站，和奔驰一起细数那些令人心驰神往的球场。⛰️ 张家界｜天门山作伴，每一杆都向山水致...全文 [组图共16张] 原图 ,2025-07-09 18:58,63,9,26
周中的路上，多兜一圈就是gap hour🌬️ #奔驰C级#  原图 ,2025-07-09 10:00,165,20,40
经典，新生。  [组图共3张] 原图 ,2025-07-08 10:00,305,35,77
纯白登场，绿茵开打速度兼具风度，谁看了不说是草地赛季的最佳开场「白」🎾#开奔驰打网球真的很搭##网球搭子一起奔驰#  [组图共6张] 原图 ,2025-07-06 12:00,455,20,97
周末，见G行事。#奔驰大G#  原图 ,2025-07-04 17:00,1271,131,370
CLA？包（     ）的😎包上头的💥包能装的🚘包圈粉的🤩……还想要什么？☝️#全新纯电CLA#给你包了！🫵 [组图共7张] 原图 ,2025-07-04 13:00,1159,93,327
☔️ 这一帧夜幕的高光是#S级轿车#写给雨夜的浪漫签名✨也想看看你们拍到的氛围感雨天🌧雨季，也可以是一种治愈～  [组图共6张] 原图 ,2025-07-03 18:00,516,91,186
说走就走，永远为夏日“倾心，意动”。#梅赛德斯-奔驰GLC轿跑SUV#  [组图共4张] 原图 ,2025-07-02 10:00,363,61,114
给本周个微笑😊。  原图 ,2025-06-30 10:00,1979,20637,463
选择困难症慎入❗️选哪个颜色的#全新纯电CLA#？反正我是根本选不出来！🤯因为……每一款车色我！都！想！要！💓 梅赛德斯-奔驰的微博视频  ,2025-06-27 17:20,411,30,259
准备好参加#迈巴赫S级#的周末邀约了吗？  [组图共3张] 原图 ,2025-06-27 10:00,202,19,44
S级氛围感，很难抗拒。#S级轿车#  [组图共4张] 原图 ,2025-06-26 17:00,255,28,51
⛳️ 高球礼仪101｜动亦从容，静亦有度在#高尔夫#的世界里，先于挥杆的，是礼仪它不在规则之中，却深植于举止之间🏌️每一次挥杆前的绝对静谧既是对球员专注的尊重亦是高球运动独有的仪式感S级轿车与GLS SUV，与你并肩登场在挥洒之际，稳稳托起你每一次下场的从容当你俯身调整球位时草叶...全文 [组图共9张] 原图 ,2025-06-26 11:12,67,10,20
时刻准备好，“翼”起空降人生新程！🟠#C111##高考成绩#  原图 ,2025-06-25 10:05,260,24,76
#GLE轿跑SUV#哪一面车窗，是夏日最好的取景框？  [组图共3张] 原图 ,2025-06-24 10:00,229,14,50
周一，随#奔驰CLE#一起心动入镜。  原图 ,2025-06-23 10:00,410,15,117
老钱们的「夏日度假风」，松弛，自然有风。#夏至#  [组图共12张] 原图 ,2025-06-21 09:00,296,36,78
周末OOTD的缺点？是缺点#全新纯电CLA#的时髦感🚘作为一款好开、好看、好搭的炸街单品，出街即出片📸️关注并在评论区分享“周末你的炸街单品是什么？”，截止6月25日12:00，我们将抽取1位幸运粉丝送出「CLA激光镌刻随身挂杯」一个。 梅赛德斯-奔驰的微博视频  ,2025-06-20 15:00,469,75,250
👇这一辆：最小单位的度假岛。  [组图共4张] 原图 ,2025-06-20 10:00,345,35,89
查收你的「夏」场摩登型录 ⛳️高尔夫不止是精准挥杆，也是风格表达是在S级轿车，GLS SUV中自林荫驶来，节奏沉稳还是和SL 63，GLE SUV一起迎光登场，锋芒自现两种风格，都很奔驰🏌️♂️想把Golfcore生活方式带回家？从球包，T恤到球帽，奔驰高尔夫精品已经备好你的果岭日常装备⛳️点击...全文 [组图共12张] 原图 ,2025-06-19 10:00,221,15,54
S级人生体验，请对号入座。#S级轿车#  [组图共3张] 原图 ,2025-06-19 10:00,386,17,78
“欧” 气 爆 棚。  [组图共4张] 原图 ,2025-06-18 10:00,650,46,159
藏在车后的心意。#GLE轿跑SUV#  [组图共3张] 原图 ,2025-06-17 10:00,319,24,74
为本周多“花”点心思。#奔驰大G#  原图 ,2025-06-16 10:00,2334,147,361
#父亲节#，宜换上Daddy风壁纸👌请查收#S级轿车#的Daddy风型录👇   [组图共7张] 原图 ,2025-06-15 11:20,487,63,107
急急急，Crush周五发消息怎么回？#全新纯电CLA#🎙️评论区分享你和奔驰的周五chill时刻，我们将于6月18日12:00随机抽取1位幸运儿，送出「CLA激光镌刻随身挂杯」一个。 梅赛德斯-奔驰的微博视频  ,2025-06-13 18:08,8966,340,1249
高尔夫球场上，加个V？#V级MPV#  [组图共2张] 原图 ,2025-06-12 10:00,189,20,177
久等了！由奔驰携手@拳头游戏 联合呈现的#Uzi名人堂纪录片#即刻奉上！让我们一起重温👀“狂小狗”在峡谷贡献的“亿”点点传奇名场面，共享其登顶全球电竞巅峰的荣耀时刻！从「英雄联盟中国大陆赛区首席合作伙伴」，到「英雄联盟电竞赛事及其全球活动独家汽车行业伙伴」，再到2024年开始支持「英雄...全文 ,2025-06-12 00:08,167,13,110
考完了，也想开了😎想开开眼界！👀想开怀大笑！😆想开着冠军红游遍全世界的风景线🚗……想开的真的太太太太多☝️不过，最重要的还是……想开开心心解锁人生的新阶段🆙#全新纯电CLA# 梅赛德斯-奔驰的微博视频  ,2025-06-11 20:24,34750,6547,5077
有什么比夏日兜风更令人怦然心动的吗？#奔驰CLE#  原图 ,2025-06-11 10:00,175,21,78
请坐，这里是夏日舒适区C位！#奔驰C级#   [组图共2张] 原图 ,2025-06-10 10:00,205,21,74
接本周好状态：顺利到“飞起”。  原图 ,2025-06-09 10:00,382,32,105
迎接你的高光时刻#高考加油# 勇敢追光的你，值得拥有每一个高光时刻✨此刻，你只管大步奔驰，去遇见一个更耀眼的自己🌟祝所有考生，金榜题名 ，未来可期🎉  [组图共6张] 原图 ,2025-06-07 09:00,494,30,163
在6月6日晚举行的2025年“英雄联盟名人堂入选典礼”上，我们有幸与@英雄联盟赛事 一同见证了来自LPL赛区的天才“狂小狗”Uzi的荣耀时刻！同时也完成了「Uzi专属“MANUFAKTUR匠心高定”G级越野车」的车钥匙正式交付！🎉众所周知，“枣子哥”不仅在峡谷贡献无数值得再看👀“亿”遍的名场面，赛场外...全文 [组图共6张] 原图 ,2025-06-07 02:21,991,1776,269
来自#迈巴赫S级#华丽丽的祝福：心想事“橙”！ #高考加油#  [组图共4张] 原图 ,2025-06-06 10:00,474,41,140
“芒”中偷闲。#芒种#  [组图共2张] 原图 ,2025-06-05 10:00,241,20,91
#奔驰大G#回来了吗，各位探险家？  原图 ,2025-06-03 10:00,394,17,164
世界很大，但我不想长大那就继续带着“孩子气”像小时候一样，相信童话🎠 满脑好奇，对全世界发问🙋蹦蹦跳跳，化解一切烦恼🏃 六一儿童节来啦，希望大小朋友们可以不用“长大”，带着童心快乐出发🚗  [组图共9张] 原图 ,2025-06-01 08:33,703,33,177
🐈：人好，车好，大家好今日份温暖灵感，来自梅赛德斯-奔驰车主🥰#司机停车救下在马路中央的小猫#  原图 ,2025-05-31 16:08,352,27,114
安全这件事儿，#小孩说话也管用#！如何守护儿童出行安全？一棵家庭安全树，一纸安全备忘录，一本安全手工书……当小孩成为自己的“安全提案家”，在#奔驰星愿基金#与来自公安部交通管理局、公安部道路交通安全研究中心、中国青少年发展基金会、中国少年儿童新闻出版总社的专家的倡议下，更多超棒...全文 [组图共6张] 原图 ,2025-05-30 20:30,74,7,26
玉粽寻香，礼至心灵。#端午安康##奔驰##端午粽子大赏##迈巴赫# 梅赛德斯-奔驰的微博视频  ,2025-05-30 18:42,303,27,116
明天的此时此刻你在哪儿？#奔驰大G#   [组图共2张] 原图 ,2025-05-30 10:00,442,24,150
走吗?楼下等你。  [组图共3张] 原图 ,2025-05-29 17:00,365,30,259
很 难 低 调。  [组图共3张] 原图 ,2025-05-28 10:00,1620,89,835
是谁，犯“网”瘾了❤️🔥是时候了，再赴红土之约🎾球速更慢，胜利产生在那些手感细腻，心态够稳的挥拍瞬间打法要卷，但只为那一份深藏在心的“红土情结”一期一会，搓手苦等的这个传奇球场终于又来了🏜 当然了，在这里只有真正slay的，才能留下名字和第五代E级车（内部代号V123）、SL...全文 [组图共9张] 原图 ,2025-05-27 15:00,391,24,113
认真了——夏日出游的S级邀请。#S级轿车#  [组图共6张] 原图 ,2025-05-27 10:00,402,42,120
本周起点，隆重点。#迈巴赫S级#  原图 ,2025-05-26 10:00,490,17,126
随E享受周末的前调。#奔驰E级#  原图 ,2025-05-23 17:00,203,22,88
#奔驰大G#的酷，根本“蓝”不住。  [组图共6张] 原图 ,2025-05-22 10:00,1425,47,174
#小满#优雅，是一切饱满得刚刚好。  原图 ,2025-05-21 10:00,165,23,24
今天，G属于你。#520##奔驰大G#  [组图共2张] 原图 ,2025-05-20 12:00,552,39,49
热烈祝贺@UziQAQ 简自豪（昵称Uzi）正式入选英雄联盟名人堂！作为英雄联盟全球赛事独家汽车行业合作伙伴，我们很荣幸能够与@拳头游戏 @英雄联盟赛事 一同见证专属于Uzi“狂小狗”的这一传奇时刻。为致敬这位来自LPL赛区的传奇选手，我们特别打造了一辆Uzi专属的“MANUFAKTUR匠心高定”梅赛德斯-奔驰...全文 ,2025-05-20 10:49,2201,75,182
本周的高效向#VISION EQXX#看齐。  原图 ,2025-05-19 10:00,95,8,13
周末dress code：高智感。#奔驰E级#  [组图共3张] 原图 ,2025-05-16 17:00,138,23,19
🏌️♂️准备好了吗？⛳️2025梅赛德斯杯即将优雅开杆#梅赛德斯杯#在中国已书写了23年的高球传奇✨今年，我们再度携手品牌使者@梁文冲 先生与新生代天才Ludvig Åberg，以球会友，于#挥洒间洞见天地#。#高尔夫# 梅赛德斯-奔驰的微博视频  ,2025-05-16 09:45,26,10,6
#国际家庭日#就是要全家一起，尽情V笑。#奔驰V级MPV#  原图 ,2025-05-15 10:00,40,6,2
接人的排面，如图。  [组图共3张] 原图 ,2025-05-14 10:00,214,25,40
#北京冰雹#下雨天了怎么办，我好想告诉你：1️⃣雨天路滑，控制车速保持安全车距🚗2️⃣及时打开雨刮器，必要时开启雾灯💡，保障行驶能见度3️⃣打开“REAR”键以开启后视镜加热及除雾功能🌬️，去除后视镜水雾💦4️⃣打开前、后车窗除雾，提高视野清晰度👀5️⃣避开积水路段，以防发...全文 [组图共3张] 原图 ,2025-05-13 22:12,65,15,10
细节控已被控。  [组图共4张] 原图 ,2025-05-13 10:00,266,25,22
让妈妈们快乐奔驰，随她吧！速来围观飞驰的妈妈，欢乐的我你和妈妈有什么母「chi」子笑的名场面评论区一键三连，带话题#母驰子笑#晒晒你心中妈妈“奔驰”的精神状态～🎙️我们将于5月12日12点随机抽取3位粉丝派发母亲节的心意礼物㊗️妈妈们节日快乐！#母驰子笑##母亲节# 梅赛德斯-奔驰的微博视频...全文 ,2025-05-11 08:00,203,245,65
#奔驰E级#让周五的夜晚，多E点氛围感。  原图 ,2025-05-09 17:00,104,16,11
是谁还没见过会笑的#全新纯电长轴距CLA#？☝#世界微笑日#👐笑就对啦～  [组图共6张] 原图 ,2025-05-08 16:47,97,12,23
@ 和你品味一样的人下次一起坐。#迈巴赫S级#  [组图共5张] 原图 ,2025-05-08 10:00,239,19,30
前方注意，心动的惊喜还在后面~#CLE敞篷轿跑车#  [组图共2张] 原图 ,2025-05-07 10:00,180,13,15
返工第一天，假装还在海边。  [组图共2张] 原图 ,2025-05-06 10:02,130,15,27
#立夏#心动与夏日，怦然而至。#奔驰CLE#  [组图共4张] 原图 ,2025-05-05 10:00,104,13,16
#五四青年节#时刻保持自我刷新，重新认识下#全新纯电长轴距CLA#。  [组图共4张] 原图 ,2025-05-04 10:00,94,14,18
一起优雅沉浸假期vibe🌊 #五一随手拍#  [组图共3张] 原图 ,2025-05-01 10:00,170,25,18
假期的气息，小狗先闻到！  [组图共4张] 原图 ,2025-04-30 17:00,624,60,190
很经典，又是周一。#奔驰E级#  原图 ,2025-04-28 10:08,106,17,17
侬好，探展模式开启！在未来城市的多维之境，与#全新纯电长轴距CLA#一起驶入全面突破的新生之境，入座Vision V概念车沉浸在豪华的未来之境，与AMG一起加入赛道狂欢的极速之境，随迈巴赫驶入以礼为尊的至臻之境，看G级越野车征服冲破G限的传奇之境。#2025上海车展#梅赛德斯-奔驰携全品牌多款车型“星...全文 ,2025-04-26 14:30,433,24,20
G限挑战邀请已发出，即刻加入↓直击纯电G级越野车45°极限攀爬，围观G 63与G 500同场竞技。越野ICON，无论油电的每一面，都很硬核。#2025上海车展#一起征服冲破G限的传奇之境。  [组图共9张] 原图 ,2025-04-26 10:00,263,28,33
你的#2025上海车展# 🎫人脉又多一个！新平台、新科技，梅赛德斯-奔驰全品牌28款星徽座驾亮相上海车展。即日起-5月2日，📍上海国际车展4.1号馆梅赛德斯-奔驰展台，等侬来白相喏！评论区带话题#2025上海车展#说说你最想在奔驰展台看到的“星”动车型参与抽奖，截止4月28日中午12:00我们将随机选...全文 [组图共9张] 原图 ,2025-04-25 12:30,44,9,44
又一次为#2025上海车展#奔驰展台“星”动！全面突破的新生之境、尊享豪华的未来之境、赛道狂欢的极速之境、以礼为尊的至臻之境、冲破G限的传奇之境，在“未来城市的多维之境”中，一起探索充满前瞻科技与豪华质感的都市缩影，随星徽游走于“坐标—生长”的叙事脉络，解锁未来出行的无限可能。即刻前...全文 [组图共9张] 原图 ,2025-04-24 13:00,969,64,89
请入座，你的移动私享贵宾厅。Vision V概念车，以全新VAN.EA纯电架构平台打造，融合经典的创新美学，构建“私享贵宾厅”的尊享空间，塑造七重交互体验的沉浸式数字座舱，重新定义私人豪华MPV。在#2025上海车展#，与Vision V概念车一起，步入尊享豪华的未来之境。  [组图共9张] 原图 ,2025-04-24 10:00,740,60,65
侬好，速来#2025上海车展#前排占座！👀🚗 新平台、新科技，梅赛德斯-奔驰以全明星阵容28款车型熠耀亮相！重新认识下#全新纯电长轴距CLA#再打个招呼👋🏻，入座概念车Vision V的私享贵宾厅，接受全新AMG GT 63 4MATIC+刷圈邀请！4月23日-5月2日，📍上海国际车展4.1号馆梅赛德斯-奔驰展台见...全文 [组图共9张] 原图 ,2025-04-23 14:03,2324,166,261
#全新纯电长轴距CLA#现已正式亮相兼具科技感和情绪价值的全新设计超长续航、超快充电、超低能耗的松弛感更善解人意更聪明好用的智能体验你想要的，#电车界的时髦精CLA#都有即刻入座，开启我们的新故事#2025上海车展# 梅赛德斯-奔驰的微博视频  ,2025-04-22 14:45,757,62,119
侬好！认识一下？腔调拉满的#全新纯电长轴距CLA#来了！锁定4月22日全球首秀，“星”动时刻，一起见证！#2025上海车展##电车界的时髦精CLA# 梅赛德斯-奔驰的微博视频  ,2025-04-22 11:07,53,15,12
种草在心巴上，就现在！ #全新纯电长轴距CLA#⏰4月22日，与你不见不散！ 梅赛德斯-奔驰的微博视频  ,2025-04-21 10:00,34,11,12
4月22日，梅赛德斯-奔驰Vision V概念车全球首秀，前所未有的豪华空间、专属尊享、数字体验，突破想象。 梅赛德斯-奔驰的微博视频  ,2025-04-20 15:00,73,11,11
正在打印魔都周末的狂欢记忆......一起重温这场肾上腺素✖️红色美学的双倍暴击#全新纯电长轴距CLA#氛围浓度过高这意犹未尽的感觉，谁懂 梅赛德斯-奔驰的微博视频  ,2025-04-20 12:00,34,4,5
怦然心动，想让云知道。#CLE敞篷轿跑车#  [组图共4张] 原图 ,2025-04-18 10:00,130,16,13
氛围恰到好处，同频的人总是E见如故。#奔驰E级#  [组图共2张] 原图 ,2025-04-17 10:00,126,29,13
每个角度都很来电。#奔驰大G#  [组图共4张] 原图 ,2025-04-16 18:00,171,18,17
开、关、开、关......神神秘秘，谁要登场？原来是——#全新纯电长轴距CLA#142颗星星在跟你Say hi并向你发出了派对邀请坐标上海📍“星”动信号已满格「星动城市派对」即将开启🔛一起前往INS新乐园🎉在潮酷次元，解锁不设限的狂欢😎 梅赛德斯-奔驰的微博视频  ,2025-04-15 15:30,48,9,8
当Y2K荧光滤镜遇见全新纯电CLA，漏光胶片也让心跳漏了半拍。#全新纯电长轴距CLA#即将惹眼亮相，很期待和你见面！  [组图共9张] 原图 ,2025-04-14 10:00,45,15,10
🌪️大风来了，我先躺两天是的，我是一枚灵活可放倒的奔驰立标面对极端天气，暂时进入“躺平”模式，降低社区和人身安全隐患友友们，面对大风天气请合理安排出行尽量避免户外活动安全第一☝️等风走了，一起拥抱晴天☀️#北京大风#  原图 ,2025-04-11 22:31,158,23,44
你没来过，春天就不算过。#奔驰GLS SUV#在等你，一起开往不一样的春天。  原图 ,2025-04-10 10:00,79,16,13
G刻，与灵感同“盟”。梅赛德斯-奔驰携手@Moncler盟可睐 与设计师NIGO合作打造Project G-Class Past ll Future及胶囊系列时尚单品现已开售。传奇ICON × 天才灵感，从公路到秀场，由复古驶向未来。  [组图共9张] 原图 ,2025-04-09 10:02,38,6,6
"转发理由:十三年星途，每一个Step都算数！㊗️G级越野车品牌大使#张艺兴出道十三周年# 快乐！  
原始用户: 张艺兴
转发内容: 张艺兴的微博音频  ",2025-04-08 22:19,4959,3165,668
这份蓝色浪漫实录，请查收。#S级轿车#  [组图共6张] 原图 ,2025-04-08 10:00,153,20,12
本周的超强气场，都有G可循。  [组图共4张] 原图 ,2025-04-07 10:00,184,21,25
“轮”到春日光影了。#奔驰GLC#  [组图共2张] 原图 ,2025-04-03 10:00,95,21,12
一场春天正在上映，#奔驰GLS SUV#已为你调至最佳观赏模式。  原图 ,2025-04-02 10:00,121,23,12
想怎么造，就怎么造。造车，奔驰是头一号。全新梅赛德斯-奔驰“竖屏”车，你爱了吗？#愚人节#快乐 梅赛德斯-奔驰的微博视频  ,2025-04-01 20:31,63,13,11
你品，你细品S-Class的细节，不能浅「尝」即止。#奔驰##梅赛德斯-奔驰##奔驰S级##ASMR##愚人节# 梅赛德斯-奔驰的微博视频  ,2025-04-01 10:00,76,27,12
周一自带S级春日“绿”镜。#S级轿车#  [组图共6张] 原图 ,2025-03-31 10:00,219,47,32
谁懂这E刻的含金量。#奔驰E级#  [组图共4张] 原图 ,2025-03-28 18:56,209,27,30
速度之美，正轰鸣于记忆与情感中。AW2025上海时装周，梅赛德斯-奔驰携手多元跨领域艺术家王令尘打造全新艺术装置【Time Warp】—AMG的性能美学与上海梧桐飞叶流光共舞，迸发出速度与美学的无尽想象。 梅赛德斯-奔驰的微博视频  ,2025-03-28 11:00,43,10,7
在户外，就别和#奔驰GLC#见外。  原图 ,2025-03-28 10:00,55,11,14
街道秀场，SLAY全场。梅赛德斯-奔驰再度携手2025秋冬#上海时装周#，锁定魔都街头巷尾，0帧起跑，顶级时髦感，极速狂飙中。#开AMG狠时髦##这狠AMG# 梅赛德斯-奔驰的微博视频  ,2025-03-26 19:43,33,8,11
上海的时髦精请就位，直击炽烈现场。作为官方指定汽车合作伙伴，梅赛德斯-奔驰携多款经典座驾，助力2025秋冬上海时装周。同时，梅赛德斯-奔驰与设计师Oscar Wang王令尘合作打造「炽烈之城」限时空间，一起探索从赛道到T台的暴烈与优雅，构建AMG的赛道性能美学空间。梅赛德斯-奔驰上海时装周限时空...全文 [组图共9张] 原图 ,2025-03-26 16:20,43,6,10
美得不像话，像画。  [组图共3张] 原图 ,2025-03-26 10:00,187,29,17
上海时装周正式启幕🔔梅赛德斯-奔驰作为官方指定汽车合作伙伴以AMG性能入局，填空时尚新维度📸携手两位中国超模——@王雯琴、@赵磊Zhao在光影间编织一场对于速度、廓形与未来的对话当先锋设计与AMG性能美学相遇锋芒毕露，亦游刃有余💎此次AMG与艺术家@Oscar王令尘推出联名系列并携手...全文 [组图共15张] 原图 ,2025-03-25 20:44,65,111,11
上海时装周正式启幕，梅赛德斯-奔驰作为官方指定汽车合作伙伴，全方位呈现AMG的性能美学与先锋时尚。📢 3月25日至3月31日📍 上海新天地时尚广场梅赛德斯-奔驰上海时装周限时空间「炽烈之城」“时髦”开放中在上海街头转角遇到AMG，时装周的穿搭灵感不就来了？快来#和AMG随时随地fitcheck#...全文 ,2025-03-25 15:57,33,5,6
先锋型格，从来都是与生俱来。从纽博格林的银色传奇，到街头一眼倾心的梦中情车，AMG以性能定格风格，以设计突破时代。梅赛德斯-奔驰将作为官方指定汽车合作伙伴，助力2025秋冬上海时装周，跨界探索时尚及文化领域理念。📢3月25日至3月31日梅赛德斯-奔驰上海时装周限时空间「炽烈之城」空降...全文 [组图共9张] 原图 ,2025-03-24 10:00,36,8,7
上赛！上上上！！！全新赛季，全新出发❤️🔥众「星」齐聚，为W16上赛首秀充能助威✨你，准备好了吗🫵🏻#F1##AMG带你追F1# 梅赛德斯-奔驰的微博视频  ,2025-03-23 14:30,49,8,10
"转发理由:恭喜@梅赛德斯-AMG 品牌大使@苏翊鸣，“翊”鸣惊人，再创中国单板滑雪历史！💪//@梅赛德斯-AMG:成就传奇的路上，那些伤病和困难最终都会成为破茧成蝶🦋的力量！小鸣加油，大跳台一战，我们都在！💪  
原始用户: 苏翊鸣
转发内容: 我职业生涯的首次世锦赛坡面障碍比赛，很开心为祖国赢得了一枚宝贵的银牌🏂🥈这个雪季过得十分艰难，赛程前所未有地紧凑，且大半时间都饱受伤病困扰。感谢头盔上的五星红旗🇨🇳时刻给予我力量，感谢佐藤教练一直坚定地站在我身边❤️，也感谢自己勇敢地接住了命运的馈赠🎁，在这过程中有了...全文 [组图共9张] 原图 ",2025-03-22 15:35,16,3,6
这种春日氛围感觉，很有“壁”要。一组春日壁纸发放中……  [组图共9张] 原图 ,2025-03-22 10:00,93,25,11
格子旗一动，就要动“真格”！随时开启冲线模式，就是#2025F1中国大奖赛#期间，对#F1#最大的敬意！生活总有属于自己的赛道，#梅赛德斯AMG车队#与你一起，终点线见！评论区为车队打call，截至3月28日15:00，我们将通过@微博抽奖平台 随机抽取5位幸运粉丝，每人送出「AMG赛道终点线小地毯」一张！...全文 ,2025-03-21 18:41,60,12,87
F1上海站穿搭指南㊙️狠角色都这样穿💥赛道灵感遇上潮流态度，AMG街头演绎高性能美学！#开AMG狠时髦##这狠AMG#  [组图共12张] 原图 ,2025-03-21 09:00,36,8,9
今日#春分#，品一杯春茶，赏一汪春色，在万象平衡中，感受身心调谐。#在时光里奔驰# 梅赛德斯-奔驰的微博视频  ,2025-03-20 10:00,81,20,14
#春分#时，天地间，#迈巴赫GLS#与你平分山色。  原图 ,2025-03-20 09:00,91,11,14
有#奔驰GLE SUV#在，从容指数拉🈵■□□□□全系标配无钥匙进入■■□□□全系标配前排座椅记忆+前排座椅加热■■■□□全系标配智能领航辅助Plus■■■■□全系标配实时越野路面影像■■■■■全系标配带360°摄像头的智能泊车系统100%实力，100%从容梅赛德斯-奔驰GLE SUV实力，方可从容演...全文 [组图共9张] 原图 ,2025-03-19 13:05,45,15,10
最满意的搭档，修勾知道。#奔驰GLC#  原图 ,2025-03-18 10:00,111,25,28
新一周状态的打开方式，怎么可能谁开都一样？#奔驰E级#  原图 ,2025-03-17 10:00,75,15,15
周末+春雪= ？#北京下雪#  原图 ,2025-03-15 19:28,136,13,13
这个周末，先走一步！#奔驰E级#  原图 ,2025-03-14 17:00,86,13,5
全新梅赛德斯-奔驰CLA今日全球首发，为即将到来的史上最强产品攻势拉开帷幕。全新纯电CLA搭载800伏电气架构、碳化硅逆变器，并配备同级唯一的两挡变速箱，将源自VISION EQXX能效概念车的科技量产落地，能量转化效率达93%。85千瓦时的氧化硅石墨阳极三元锂电池，电芯体积能量密度680瓦时/升，电池重量...全文 [组图共9张] 原图 ,2025-03-14 03:45,96,32,26
在春日花海中穿行，一起吗？  原图 ,2025-03-13 10:00,130,18,21
🌲🚗🌲，强行植入。#奔驰GLC#  原图 ,2025-03-12 10:00,96,21,14
花开不待，以礼相待。#迈巴赫S级#  原图 ,2025-03-11 10:00,184,28,26
本周状态：动力拉满#S级轿车#  原图 ,2025-03-10 10:00,161,22,12
世界有万般姿态，women有万般模样。 感受自己的感受，热爱自己的热爱。畅快奔驰，或随时松弛，一切都没有既定答案。women无论怎样，都很好。#是women更是我们##妇女节快乐#  [组图共9张] 原图 ,2025-03-08 11:08,122,33,23
坐等你下班。  原图 ,2025-03-07 17:00,198,14,21
#奔驰大G# 来野。  原图 ,2025-03-06 10:00,125,12,16
#惊蛰#迎万物新生。#迈巴赫GLS#  [组图共2张] 原图 ,2025-03-05 10:00,113,19,16
新生、发芽万物复苏的春天总会如期而至以春为序，抬首皆为新章在此刻种下新的希望来日方长，抬头就有清晰的方向心火不灭，积蓄力量，你自成光蛰伏，是好事正在酝酿昂首，阔步！开启新的篇章#二月二龙抬头#  [组图共8张] 原图 ,2025-03-01 10:00,223,25,51
想不负春光，该怎么玩👋？驾驶#奔驰V级MPV#一路向南，追寻更盎然的春意💓！踏进柔软的绿茵，晒晒和煦的暖阳，听听果岭的微风，与悠闲的花草一起，在春天里发发呆～👇出发，随大V驶向春天！#大有天地#  [组图共6张] 原图 ,2025-02-27 10:00,150,13,74
向想象展翼，未来自会驶向你。#VisionOneEleven#  [组图共2张] 原图 ,2025-02-27 09:00,267,15,32
音乐，怎么可能用谁听都一样？🤔#S级轿车#配备「Burmester®3D环绕立体声音响系统」高性能扬声器，全方位包裹你的感官👂四向均衡调节，音场在哪，现场就在哪🎵更澎湃的声浪🌊，更细腻的层次🎼沉浸，由此开始😍 梅赛德斯-奔驰的微博视频  ,2025-02-26 10:04,469,38,97
不合时宜的相遇，还是错过的好😏S级轿车全系增配「L2+导航辅助驾驶系统」在高速与城市快速路段可实现多场景下自动变道、自动远离大车、自动超越慢车等功能🚗豪华智驾再升级，让驾驶更简单、更安全🫶 梅赛德斯-奔驰的微博视频  ,2025-02-25 10:00,1133,179,288
透过车窗，看看风景，也看看野心。#奔驰大G#  [组图共2张] 原图 ,2025-02-25 09:00,274,22,27
2025年2月，基于梅赛德斯-奔驰全新固态电池测试项目打造的测试车，已开启道路测试，这是行业首次将锂金属固态电池集成到量产车平台。这套固态电池由梅赛德斯-奔驰乘用车团队与梅赛德斯-AMG高性能动力系统有限公司（HPP）团队联手打造，电芯由行业顶尖合作伙伴Factorial Energy提供。全新固态电池能量...全文 [组图共3张] 原图 ,2025-02-24 22:21,146,17,31
世间总有风雨，令人望而生惧、畏而不前。世间也有见惯了风雨的人：狂风肆虐，他们就乘风而上；暴雨如注，他们便将之化为洗礼。他们无言，更无惧，与S级轿车一起，会一会风雨。#S级轿车# 梅赛德斯-奔驰的微博视频  ,2025-02-24 10:00,132,25,23
周一状态：一心一“翼”。  原图 ,2025-02-24 09:00,255,24,27
以礼相待，为君子也 #迈巴赫S级轿车#  [组图共6张] 原图 ,2025-02-21 21:17,992,45,87
哪一种场合，你想如此盛装出席？#梅赛德斯-迈巴赫S级Haute Voiture限量高定#  [组图共3张] 原图 ,2025-02-20 10:00,134,18,17
旗舰进化，焕新登场。S级轿车豪华如一，更显新意，于巅峰之上，共赴更高之境 梅赛德斯-奔驰的微博视频  ,2025-02-19 17:00,93,26,14
"长轴距GLC SUV以全能实力，带来全面进阶的豪华驾乘体验M254 2.0T直列四缸发动机，搭配48伏ISG智能电机系统，感受丝滑驾控。同级最长的2,977毫米长轴距，5座、7座灵活布局，坐享广阔空间。领先的L2+导航辅助驾驶系统，覆盖全国高速与城市快速路段，安全更入佳境。全新升级第三代MBUX智能人机交互系...全文 [组图共9张] 原图 ",2025-02-18 15:58,107,35,27
答应我，这对星徽与月桂的世纪CP，再磕100年！1925年2月18日，梅赛德斯-奔驰新商标正式注册，戴姆勒的“星星”被包围在奔驰的“月桂”之中，平衡而融合，以此致敬戈特利布·戴姆勒（Gottlieb Daimler）与卡尔·奔驰（Carl Benz）两位汽车工业先驱，这也是双方正式合并的前奏。1926年，戴姆勒与奔驰这两...全文 [组图共4张] 原图 ,2025-02-18 11:00,105,25,15
#雨水#无声，以礼驶入至臻之境。  [组图共4张] 原图 ,2025-02-18 09:00,134,14,20
本周，是狠“银”。  原图 ,2025-02-17 10:00,152,16,20
两心相悦，处处怦然❤️ 爱是彩虹般的斯人，也是随风#奔驰#的灵魂 #情人节##分享镜头里的爱意# 梅赛德斯-奔驰的微博视频  ,2025-02-14 15:00,81,15,15
赴约后的告别中，心动与浪漫分毫不减。#情人节#愿爱意满载，渐晚渐浓。  [组图共12张] 原图 ,2025-02-14 09:00,66,23,13
抓住雪G的尾巴，与#奔驰大G#一起收集冬日的高光时刻。  原图 ,2025-02-13 10:00,85,13,15
元宵佳节，好运包圆的！㊗️你圆圆如意，愿愿成真！#正月十五# #元宵节# 梅赛德斯-奔驰的微博视频  ,2025-02-12 10:00,187,32,35
优雅复古，是一种感觉。  [组图共3张] 原图 ,2025-02-11 17:00,155,20,17
周一就要0帧起跑。#奔驰E级#  原图 ,2025-02-10 10:00,76,13,8
“休”time继续！#奔驰CLE#  原图 ,2025-02-09 09:00,104,16,9
在你眼里，优雅是什么颜色？  [组图共4张] 原图 ,2025-02-07 09:00,141,27,20
永远为春日怦然心动。#300SL#  [组图共3张] 原图 ,2025-02-06 09:04,192,36,20
接！是奔驰的开工利是🧧#开工日#🙏想“开”了就迎接新开始！ 梅赛德斯-奔驰的微博视频  ,2025-02-05 10:00,100,24,19
开工轻装上阵！和“银箭”一起出发，回到属于你的赛道。  [组图共2张] 原图 ,2025-02-05 09:00,67,22,11
#立春#到，宜扫尘迎新。扫出春光满面，扫出惊喜连连！除去旧尘，万物向新，一切美好随春而至。#在时光里奔驰##大年初六逢立春# 梅赛德斯-奔驰的微博视频  ,2025-02-03 13:40,81,11,11
#大年初五# 迎财神奔驰登场，黄金万两新的一年财运奔你而来 梅赛德斯-奔驰的微博视频  ,2025-02-02 10:00,159,29,24
#大年初四# 来接好运走走花路，尝尝甜头！金玉满“糖”新年旺～ 梅赛德斯-奔驰的微博视频  ,2025-02-01 10:00,77,21,9
#大年初三# 走亲访友大G大利，两“圈”其美！开心到转圈圈~ 梅赛德斯-奔驰的微博视频  ,2025-01-31 10:00,175,32,26
#大年初二# 回娘家恭“赫”新禧，和和美美！家和万事兴，万事皆顺遂~ 梅赛德斯-奔驰的微博视频  ,2025-01-30 10:00,145,32,13
"转发理由:快乐的“乐”，高兴的“高”。@乐高中国 你来了，就是最好的生日祝福！#奔驰139周年# #汽车生日快乐#//@乐高中国:生日快乐🎂！新的一岁，我陪你继续一起「拼」👏！#奔驰139周年# #汽车生日快乐# 评论配图  
原始用户: 梅赛德斯-奔驰
转发内容: 贪「驰」蛇，驰个够！🐍🎂🐍奔奔家族排排坐，除夕守岁+庆生一起过！祝奔驰了139年的汽车工业生日快乐，也祝大家蛇年快乐！愿未来的每一岁，依旧有你的见证～🚗🚗🚗——今年先「驰」到这儿，我先欢为敬啦～💨#奔驰139周年# #汽车生日快乐# #先欢为敬# 梅赛德斯-奔驰的微博视频  ",2025-01-29 10:45,23,3,5
"转发理由:“满满”祝福已收到！啥都不说了，那就“逸启”出发吧！ #奔驰139周年# #汽车生日快乐#  
原始用户: 逸安启超充
转发内容: 139岁仍然保持活力的秘诀……时不时给自己充！充！电！吧！祝139岁的@梅赛德斯-奔驰 生日快乐！谢谢汽车发明者。我们给汽车充满电，你让汽车充满可能！#奔驰139周年##汽车生日快乐#  原图 ",2025-01-29 10:14,17,3,1
"转发理由:新一年，飙一下，上车走吗？@极品飞车集结 Vroom~Vroom~安排！ #奔驰139周年# #汽车生日快乐#  
原始用户: 极品飞车集结
转发内容: 说个大事，祝@梅赛德斯-奔驰 139岁生日快乐！新年look已安排完毕，也祝赛车手们「红」运当头，鹏程ONE里！新年就要新「装」上阵，一路尽兴奔驰！关注@极品飞车集结 @梅赛德斯-奔驰 并转发本条微博，薇拉将抽取三位街头赛车手，每人送出 AMG 周边好礼一份！#极品飞车集结[超话]# #奔驰139周年#...全文 [组图共2张] 原图 ",2025-01-29 10:12,36,4,3
"转发理由:新一岁升级！你猜我技能要怎么点？@英雄联盟赛事 咱峡谷见！ #奔驰139周年# #汽车生日快乐#  
原始用户: 英雄联盟赛事
转发内容: 139年见过各种大场面，139年稳操胜券！祝陪伴LPL 8年的@梅赛德斯-奔驰 139岁生日快乐！#奔驰139周年# #汽车生日快乐# 原图 ",2025-01-29 10:09,29,2,2
大年初一，宜送祝福乙巳蛇年第一天，也是汽车工业139岁的第一天祝大家新的一年，“翊”“鸣”惊人！祝奔驰了139年的汽车工业，继续充满好奇#奔驰139周年##汽车生日快乐# 梅赛德斯-奔驰的微博视频  ,2025-01-29 07:59,4012,242,171
大年初一，开个好头！开启蛇年第一天🔛也开启139岁的第一天！🎂㊗️你新春万事“兴”喜！㊗️奔驰了139年的汽车工业，精彩“G”续！#奔驰139周年##汽车生日快乐# 梅赛德斯-奔驰的微博视频  ,2025-01-29 07:58,43202,210647,4916
大年初一，好事成双今天恰逢汽车工业的139岁生日🎂接住费德勒的这颗球，接住一整年好运！㊗️屏幕前的你，好运翻倍！㊗️奔驰了139年的汽车工业，活力无限！ #奔驰139周年##汽车生日快乐# 梅赛德斯-奔驰的微博视频  ,2025-01-29 07:57,3186,160,144
贪「驰」蛇，驰个够！🐍🎂🐍奔奔家族排排坐，除夕守岁+庆生一起过！祝奔驰了139年的汽车工业生日快乐，也祝大家蛇年快乐！愿未来的每一岁，依旧有你的见证～🚗🚗🚗——今年先「驰」到这儿，我先欢为敬啦～💨#奔驰139周年# #汽车生日快乐# #先欢为敬# 梅赛德斯-奔驰的微博视频  ,2025-01-28 10:00,625,630,134
听说……在新春坐上奔驰，就会有惊喜👀快上车，接好这波惊喜彩蛋🤲开胃小彩蛋👉新春祝福语音🎁车内说出📢 “你好奔驰，过年好”。就能愉快接收👂新春祝福啦（美好的祝福有很多，可以多次尝试哦）大大大彩蛋👉明星专属新春祝福语音🎁车内说出📢“你好奔驰，我想和张艺兴一起过年...全文 [组图共3张] 原图 ,2025-01-24 15:00,24710,4297,1155
临近春节，欢“兴”是不是早已藏不住啦！快跟随梅赛德斯-奔驰G级越野车品牌大使@张艺兴 的步伐freestyle一下“G”刻欢乐起舞，开开心心等过年！欢乐不止，更有张艺兴签名手机壳等你带上这个手机壳，一起好运连连，大“G”大利#先欢为敬##张艺兴-G级越野车品牌大使#关注@梅赛德斯-奔驰 官方账号...全文 ,2025-01-23 10:00,508299,194329,30649
看看@梅赛德斯-AMG 和满分搭子@苏翊鸣 的合照。两个“狠角色”话不多说！相机起手，就是一拍即合！期待更多的默契配合🫶#苏翊鸣奔驰AMG品牌大使# #苏翊鸣的满分搭子#  [组图共11张] 原图 ,2025-01-22 10:30,87,14,18
趁着小年儿，说个大事！看看我交到了什么新朋友！他是中国单板滑雪大跳台项目历史首个世界冠军，全新梅赛德斯-AMG品牌大使@苏翊鸣 ！绝对的狠角色车主！以后也是@梅赛德斯-AMG 的满分搭子。有趣的灵魂已经狠狠绑定了！无论雪道、赛道还是街道，期待我们一起“翊鸣”惊人！#苏翊鸣奔驰AMG品牌大使#...全文 ,2025-01-22 10:00,67,8,10
欢乐正在派送中🎁想宠粉的心停不下来蒋奇明拍了拍你👋并邀请你提前开启假期欢乐模式呼声很高的蒋奇明签名照，安排！还等什么，快上车#先欢为敬#吧！关注@梅赛德斯-奔驰 官方账号，带话题#先欢为敬#转发本条微博，分享你的春节假期出游计划，和蒋奇明一起先欢为敬！我们将在2025年1月22日20:00...全文 [组图共9张] 原图 ,2025-01-21 15:00,849,692,770
🐍年春节超前营业蒋大师带来最新欢乐报道（请自动带入语气）：“蒋”真的，放假脑藏不住了！🎉“奇”早摸黑不如提早放飞😋“明”天起，假期模式On🎆别管那么多了，1月20日，一起#先欢为敬# #春节前的精神状态belike##蒋奇明收工状态belike# 梅赛德斯-奔驰的微博视频  ,2025-01-17 15:00,2359,774,935
抓拍到一张#GLE轿跑SUV#，不动声色，动人心。  原图 ,2025-01-16 10:00,82,24,12
怕冷？不存在的AMG怕的是不尽兴！跟上梅赛德斯-AMG的速度，在冰雪里尽情驾驶评论区聊聊你有什么特别的「冰雪驾驶技巧」吧！ 梅赛德斯-奔驰的微博视频  ,2025-01-15 11:04,46,15,11
来自#全新GT63SE#的隔空投送：换上“狠”角色壁纸，冬日氛围也很绝色。评论区说出你想要的AMG车型，更多壁纸放送中。  [组图共6张] 原图 ,2025-01-13 10:00,61,17,10
本周姿态：拉风。  原图 ,2025-01-13 09:00,48,12,6
给下周一些“红”运加持。  原图 ,2025-01-12 10:00,95,17,15
风格很多，你偏爱哪一个？ #无处不从容#  原图 ,2025-01-11 10:00,213,35,51
等一个信号，冲向周末！  原图 ,2025-01-10 19:30,122,10,11
2024年，面对充满挑战和起伏的市场形势，梅赛德斯-奔驰携手经销商合作伙伴，如期推进各项业务发展，向中国客户交付了超71.4万辆新车，再次问鼎年度豪华品牌销量冠军，并再度蝉联中国市场百万级及以上豪华汽车市场的销量冠军。#奔驰双料冠军#  [组图共3张] 原图 ,2025-01-10 17:50,43,15,12
2025要补点什么？奔驰率先响应国家汽车以旧换新政策，扩大车型范围，加码福利补贴。全方位“大补”，助你新年新程新奔驰！  原图 ,2025-01-10 11:49,46,14,7
今日身份：雪地画家🎨。#无处不从容#  [组图共4张] 原图 ,2025-01-09 10:00,152,21,17
梅赛德斯-奔驰与全体经销商伙伴援驰日喀则，首批物资已到位！众人拾柴，守望相助，#日喀则加油我们在一起#  原图 ,2025-01-08 14:45,233,148,38
#腊八节#，把经典、优雅、心动的美，都送给你。#在时光里奔驰#，总是「腊」么美！  [组图共3张] 原图 ,2025-01-07 09:00,93,18,4
迅速进入本周状态。#S级轿车#  原图 ,2025-01-06 10:00,62,18,6
#小寒#不寒，奔驰在冬日暖阳中。#奔驰E级#  原图 ,2025-01-05 10:00,55,15,10
「一条新消息」你有一名奔驰雪友即将登场关键词：AMG车主、世界冠军猜猜他是谁？#亦野亦雅惟有奔驰# 梅赛德斯-奔驰的微博视频  ,2025-01-04 16:01,39,11,13
🏂周末刷道走起，来晒晒你的滑雪装备吧。  原图 ,2025-01-04 12:00,45,13,5
开心的感觉比周末来得更快✌️喜提#2025年第一个周末#  原图 ,2025-01-03 17:30,56,10,8
当你有个会呲雪墙的朋友......滑雪的乐趣这不就来了？与奔驰一起去滑雪，开心到转圈。想要一个全是“雪墙”的评论区#亦野亦雅惟有奔驰# 梅赛德斯-奔驰的微博视频  ,2025-01-02 12:30,26,8,6
#2025第一个工作日#G刻开工！  [组图共2张] 原图 ,2025-01-02 09:00,148,17,17
新年福利，大有来“历”，快来签收！评论区留下你对2025的新年期许～我们将在1月7日中午12点随机抽取10位粉丝，每人送出1套奔驰历历历久弥新S级复古日历～祝大家S来运转，来日可期！*感谢小红书用户Pcyy的画面设计  [组图共12张] 原图 ,2025-01-01 09:00,137,50,154
11、10、9、8、7、6、5、4、3、2、1！让我们一起倒数11秒，在11代S级轿车的大合体中，数着车灯依次点亮，看新年的烟花盛放🎆与2024说拜拜，启程奔向#2025# 在评论区聊聊你的新年“星”愿吧~让奔驰化身许愿“驰”，祝你万事胜意，新年熠熠生辉#一路奔驰向2025年# 梅赛德斯-奔驰的微博视频  ,2024-12-31 18:00,108,19,22
正式被确诊为“雪缘脑”。脑滑千次，不如实力开滑！@你的雪友 一起开奔驰去滑雪，享受#亦野亦雅惟有奔驰#的快乐雪季。评论区聊聊你“雪缘脑”的故事～截止2025年1月10日12:00我们将随机抽取10位幸运粉丝，分别送出「驰名滑手」飘带一个。 梅赛德斯-奔驰的微博视频  抽奖详情  ,2024-12-30 14:10,46,25,49
快乐下班！出发，开#奔驰#去滑雪，一起加入吗？#亦野亦雅惟有奔驰#  [组图共2张] 原图 ,2024-12-27 18:12,89,22,12
还在找这个雪季的打开方式？优雅上雪还是狂野玩雪答案给你：开奔驰去滑雪！在评论区聊聊“这个雪季你会选择的打开方式”，截至2025年1月6日12:00，我们将随机选出10位幸运用户获得奔驰玩雪搭档“卡皮巴拉装饰玩偶”。#亦野亦雅惟有奔驰#  [组图共9张] 原图 ,2024-12-27 14:49,91,20,87
奔驰，何以为奔驰？这个问题的答案散落在奔驰近140年的历史当中对于每一个选择奔驰的人来说奔驰不仅仅是一个出行工具更是一个伙伴、一种意义每一个与他们有关的故事都在用最特别的方式诉说着热爱何以奔驰今天从几位“最特别” 的车主说起#何以奔驰惟有奔驰#  [组图共6张] 原图 ,2024-12-26 11:30,74,20,27
👀让我看看，你的#圣诞树#🎄有多闪耀？节日快乐，点亮欢聚每一刻~  原图 ,2024-12-25 13:44,114,17,11
“臻”心满满，静候新年。在时光里奔驰，任风雪轮转，优雅永存。#迈巴赫S级轿车# 梅赛德斯-奔驰的微博视频  ,2024-12-24 19:33,56,15,4
岁末年初，在这爱意渐浓的日子，踏上归途，为与爱的人相见；待到启程，爱的人仍固守身边！此刻，奔驰在路上，奔向温暖的地方！梅赛德斯-奔驰祝您#爱意满载欢喜常伴# 梅赛德斯-奔驰的微博视频  ,2024-12-23 18:00,36,27,10
没有一个未来是悬空的，历史正是未来的一部分。#何以奔驰惟有奔驰#跟随建筑大师@MAD_马岩松 奔驰向《狂想之城》的第五站斯图加特，在梅赛德斯-奔驰博物馆和梅赛德斯-奔驰德国先锋设计中心，从汽车工业百余年的发展、演变与革新，品汽车的过去、现在与未来，畅想未来城市设计的蓝图。12月24日，锁定腾...全文 ,2024-12-23 11:00,938,47,56
#冬至#到底吃什么，饺子还是汤圆？美食文化虽有差异，但“热气腾腾”是共同记忆。冬至大如年，冬味趁热吃，让温暖迎冬而至。#奔驰# 梅赛德斯-奔驰的微博视频  ,2024-12-21 10:00,49,10,16
这个雪季，开奔驰去雪场，一起豪“滑”入场！在狂野与优雅中，开启梦幻而惬意的雪季。评论区分享开奔驰去#滑雪# 的豪“滑”故事吧！#亦野亦雅惟有奔驰#  [组图共9张] 原图 ,2024-12-20 15:44,45,15,7
新年蓄能中，2025年全新梅赛德斯-奔驰纯电CLA即将全球首发，而车手基米·安东内利也将正式亮相梅赛德斯-AMG F1车队，新车与新星强强联合，2025期待拉满！#奔驰##全新纯电CLA##基米安东内利# 梅赛德斯-奔驰的微博视频  ,2024-12-19 18:20,43,13,8
智能豪华，油电全能。全新梅赛德斯-奔驰长轴距GLC插电式混合动力SUV典藏版现已上市，更从容，更澎湃，更懂你。插混技术，兼具澎湃动力、卓越能效与豪华行驶质感；配备高通8295智能座舱芯片、5G通信技术和第三代MBUX智能人机交互系统，唤醒反馈更迅速，APP更丰富、运行更流畅；L2+导航辅助驾驶系统...全文 [组图共4张] 原图 ,2024-12-18 18:00,23,21,7
奔驰，何以为奔驰？ 这个问题的答案散落在奔驰近140年的历史当中我们立足当下，面向未来从生物与自然，到人文和环境我们在不同的领域全力打造可持续的美好未来何以奔驰从“认养国宝”说起#何以奔驰惟有奔驰#  [组图共9张] 原图 ,2024-12-17 19:56,79,136,33
四季更替的时候，首位华人世界小姐@张梓琳 总会安排一些家庭的出行。又到了一年中的雪季，全家人乘着新一代#奔驰V级MPV#去往雪场。在张梓琳眼中，带着孩子看世界是件有意义的事。每一次出发，不只有说走就走的惊喜，也能让孩子领略未曾见过的风景，真切地感受春夏秋冬的轮替。不负温情陪伴，...全文 ,2024-12-16 10:00,588,50,48
本周dresscode：优雅。 [组图共3张] 原图 ,2024-12-16 09:30,177,19,21
奔驰，何以为奔驰？这个问题的答案散落在奔驰近140年的历史当中当人们想要更快的马车时我们发明了汽车，并不断进化、开拓探索人类出行的速度和边界何以奔驰一切的答案，都始于1886年的那辆车……#何以奔驰惟有奔驰#  [组图共9张] 原图 ,2024-12-14 14:30,90,28,39
今日#四级#附加题出炉，PHEV的英文全称在线等高手作答  原图 ,2024-12-14 14:00,41,18,15
一起奔驰过四季，期待在漫漫旅途中重逢。#四门GT#  原图 ,2024-12-12 09:30,57,13,9
"转发理由:梅赛德斯-奔驰中国智驾负责人深度对谈诺奖得主，跨界交锋，智慧碰撞，探索更多可能性！关于奔驰的最新智驾技术，诺奖得主说了什么？最新的脑科学研究，会对自动驾驶的研发带来哪些启示？直击跨界交锋的现场！点击视频，探索“奔驰范儿”的智驾科技。#科技奔驰#  
原始用户: 腾讯汽车
转发内容: 重磅跨界！诺奖得主深度对谈奔驰中国智驾负责人前沿脑科学研究会给自动驾驶的研发带来哪些启示？ 腾讯汽车的微博视频  ",2024-12-10 19:56,1077,77,43
"转发理由:明天，2024诺贝尔奖颁奖典礼即将举办，奔驰中国智驾负责人与诺奖得主展开跨界对谈，探讨脑科学研究能给自动驾驶带来哪些启发？剧透来了，先睹为快！#科技奔驰#  
原始用户: 腾讯汽车
转发内容: 抢先剧透，诺奖得主跨界对话奔驰中国智驾负责人 腾讯汽车的微博视频  ",2024-12-09 21:00,394,29,21
本周，高能入场。#奔驰GLE SUV#  原图 ,2024-12-09 09:30,68,18,10
志同道合者，总会相遇。在科技的深谷中遇见艺术，在艺术的深邃间看见科技的光芒。12月8日，梅赛德斯-奔驰将三度携手蔡国强，以无人机白天烟花表演《红帆》让科技与艺术在空中交汇，赋予每一束烟火全新的生命力。#梅赛德斯-奔驰 × 蔡国强# 梅赛德斯-奔驰的微博视频  ,2024-12-07 17:31,37,12,5
预祝梅赛德斯-奔驰G级越野车品牌大使@张艺兴 首次主演音乐话剧《受到召唤·敦煌》演出顺利！梅赛德斯-奔驰星愿基金自2019年起与敦煌研究院达成公益合作，愿与@张艺兴 一起，做千年文明瑰宝的传承守护者。#张艺兴再现敦煌奇迹##奔驰大G##张艺兴-G级越野车品牌大使# 梅赛德斯-奔驰的微博视频  ,2024-12-07 10:07,42946,39416,3108
#大雪#让我看看，雪花一飘，是谁的DNA动了？想玩雪的心，藏不了一点！实力玩家，满“雪”出击！ 梅赛德斯-奔驰的微博视频  ,2024-12-06 17:31,37,11,9
"转发理由:梦之队，让梦想成真。感谢与刘易斯·汉密尔顿并肩作战的每一个时刻。接下来，让我们一起在#2024F1阿布扎比大奖赛# 完成最后的篇章❤️祝福刘易斯，他将继续书写自己的传奇#LH44# #谢谢你刘易斯#//@梅赛德斯-AMG:谢谢你，刘易斯。那个孩子的梦想，我们一起实现了❤️ 这个周末将会是一场庆典，庆祝我们共...全文  
原始用户: 梅赛德斯-AMG_F1车队
转发内容: 想象…… 谢谢你，刘易斯 #谢谢你刘易斯# 梅赛德斯-AMG_F1车队的微博视频  ",2024-12-06 15:27,38,8,3
第一眼感觉：气场。#何以奔驰惟有奔驰#  [组图共3张] 原图 ,2024-12-04 14:35,156,27,20
奔驰，何以为奔驰？ 这个问题的答案散落在奔驰近140年的历史当中也在每一辆奔驰的舒适细节里无论是入座的感受还是平稳的旅程我们用舒适，照顾到你的每一寸感受何以奔驰从“丝滑入座”开始#何以奔驰惟有奔驰#  [组图共6张] 原图 ,2024-12-03 21:29,49,18,19
#2024年还有30天#，让过往的经历成为飞去未来的羽翼。#12月第一个工作日#，依旧活得“飞起”！  原图 ,2024-12-02 12:00,77,17,13
奔驰，何以为奔驰？这个问题的答案散落在奔驰近140年的历史当中也在梅赛德斯-AMG的速度与激情里由渴望起步，因速度非凡57载时光中的每段旅程都充满着对性能与豪华的极致追求何以奔驰踩下油门，一起进入AMG的非凡之旅#何以奔驰惟有奔驰#  [组图共9张] 原图 ,2024-11-29 15:30,43,13,14
一路奔驰的心，感谢相伴。一起同行的旅程，让#何以奔驰惟有奔驰#的故事，被不断续写。祝你踏花而行，芬芳相迎。  [组图共3张] 原图 ,2024-11-28 15:04,96,20,16
阳光正好，热爱网球的@吴尊 带上两位小朋友奔赴球场。作为新一代V级MPV首位车主，吴尊提车后便把大V调整为二三排座椅对坐，不管路途远近，只为能跟家人享受每一刻面对面的欢乐时光。#奔驰V级MPV#不仅随吴尊出席各种高光时刻，更是全家出行的好伙伴。在互相陪伴的日子里，见证家人亲密无间、孩子慢慢长...全文 ,2024-11-27 10:22,555,55,63
趁#初雪#，奔入一片雪花的灵感世界。纵使万物“雪”藏，也总能温暖在握。#北京下雪##你的IP所在地飘雪了吗#  [组图共3张] 原图 ,2024-11-26 23:40,89,18,17
跟随建筑大师@MAD_马岩松 一起奔驰在《狂想之城》，探索全球建筑与城市人文，向世界与自己发问；走过巴黎、洛杉矶…… 抵达“汽车摇篮”斯图加特，看汽车发明者梅赛德斯-奔驰如何以一代又一代定义时代风潮的经典车型，去印证#何以奔驰惟有奔驰# 在不断创新中做难而正确的事情，关注长期主义，保持敢于...全文 ,2024-11-25 11:00,269,25,22
#小雪#时节，和#S级轿车#一起出门踩踩雪❄️一起离开霓虹渲染的都市让身心沉浸在久违的纯净之中  [组图共4张] 原图 ,2024-11-22 13:00,70,23,11
时光会过去，但不会冲淡经典的魅力。当经典再临，一起捕捉那些“一眼奔驰”的时代印记。#何以奔驰惟有奔驰##1000Miglia#  [组图共9张] 原图 ,2024-11-21 14:00,55,23,7
关于奔驰安全、智能、电动化的最新成果已码齐！进入奔驰的科技世界，和🐻一起见证科技奔驰定义时代风潮！#何以奔驰惟有奔驰##越野还得看大G##科技奔驰#  [组图共8张] 原图 ,2024-11-20 19:31,43,13,9
作为中国第一家独立设计师买手店“棟梁”的主理人，王耀宇始终热爱发现、挑选和分享美之事物，“高级”也是他选择新一代V级MPV的重要理由。随王耀宇一起走进新“棟梁”亮相的幕后故事，也一同了解他眼中#奔驰V级MPV#在美学上的理念与实用上的巧思。高级又实用，#还得是奔驰大V##大有天地#...全文 ,2024-11-20 10:00,22,10,3
奔驰，何以为奔驰？ 这个问题的答案散落在奔驰近140年的历史当中我们于细节处用心打磨用开创性设计颠覆想象并把美学理念贯彻到不同车型中持续为你带来纯粹而感性的豪华何以奔驰今天从“香味管理”说起#何以奔驰惟有奔驰#  [组图共9张] 原图 ,2024-11-19 11:00,56,28,16
“粤”奔驰，越精彩。请注意，现在是#2024广州车展#“奔现”时刻，梅赛德斯-奔驰全品牌29款座驾一睹为快。沉浸感受#全新纯电G级越野车#“新越野三件套”的硬核装置，#越野还得看大G#，亲临迈巴赫至臻新境，接收来自AMG赛道基因的召唤。即日起至11月24日，2024广州国际车展5.1馆梅赛德斯-奔驰展台...全文 ,2024-11-18 18:00,31,5,4
上新，超灵活！#纯电EQE全系升级增配#旗舰版车型搭载后轮主动转向系统，转弯半径更小，狭小空间，一把就过。 梅赛德斯-奔驰的微博视频  ,2024-11-18 10:00,36,10,4
上新，超智能！#纯电EQE全系升级增配#新增可共享的数字钥匙，可使用智能手机或手表一键解锁。让钥匙，何必是“钥匙”。 梅赛德斯-奔驰的微博视频  ,2024-11-17 10:00,31,8,4
上新，超来劲！#纯电EQE全系升级增配#全系标配双电机，功率提升至300千瓦，零百公里加速4.9s。十足动力，十分尽兴！ 梅赛德斯-奔驰的微博视频  ,2024-11-16 10:00,41,10,5
今日份“猴赛雷”已预定！梅赛德斯-奔驰携全品牌29款座驾登陆#2024广州车展#，同期全新纯电G级越野车、新款纯电EQE及2025年款GLC轿跑SUV三款车型联袂上市，“无论油电，都很奔驰”，产品力全面升级。#越野还得看大G#参展车型覆盖燃油、纯电、插电式混合动力的强大产品阵容及硬核科技创新，为广大车...全文 [组图共6张] 原图 ,2024-11-15 18:00,37,15,34
“高智感”的美，倾心，意动。优雅动感的轿跑美学之上，智舱智驾全面革新，#梅赛德斯-奔驰GLC轿跑SUV#升级上市。标配高通8295智能座舱芯片，搭载第三代MBUX智能人机交互系统，配备L2+导航辅助驾驶系统，智舱智驾，全面升级。全系标配48伏ISG智能电机系统配合全时四轮驱动（4MATIC）系统，尽享更多驾...全文 [组图共9张] 原图 ,2024-11-15 10:50,46,16,5
"梅赛德斯-奔驰#纯电EQE#全系升级增配！实力焕发，全面进化。全系升级500车型，标配双电机四驱系统，最大输出功率达到300千瓦，百公里加速低至4.9秒，入门即豪华。 #无论油电，都很奔驰#厂商建议零售价（人民币）：EQE 500 4MATIC先锋版：478,000元EQE 500 4MATIC豪华版：496,000元EQE 500 4MATIC...全文 [组图共9张] 原图 ",2024-11-15 10:40,32,11,6
"新G能，已上线。全球首款豪华纯电硬派越野车#全新梅赛德斯-奔驰纯电G 580首发特别版#硬核上市。搭载4台可独立控制的轮边电机和4台电动两挡变速箱，实现整车432千瓦和1,164牛·米澎湃动能，搭载122千瓦时的电池组，CLTC工况综合续航达571公里；拥有创新电动科技的“新越野三件套”功能：“Off-Road Cr...全文 [组图共9张] 原图 ",2024-11-15 10:30,414,81,113
#纯电EQE全系升级增配#全系标配双电机，动力更强劲。搭载5G模块、数字钥匙等智能配置，你期待中的纯电，现已升级就位！ 梅赛德斯-奔驰的微博视频  ,2024-11-15 10:00,14,6,1
怎么品都有品的品质，开不开都安全的安全，看着开着都很拉风的设计，你懂的秒懂你的智能……舒适、科技、豪华、创新，这才是#何以奔驰惟有奔驰#的关键词！ 梅赛德斯-奔驰的微博视频  ,2024-11-14 16:48,48,15,3
今年，享誉全球的著名经典车赛事1000 Miglia首次落地中国，登陆广州，过去与未来将在此奇妙相遇。老车不老，他们从时光中走来，彰显着梅赛德斯-奔驰130年赛车运动中，那永不磨灭的创新与挑战精神。自1930年梅赛德斯-奔驰与该赛事结缘以来，众多经典车型在赛道上留下了传奇身影。今年，奔驰作为其战...全文 [组图共3张] 原图 ,2024-11-13 18:00,35,17,5
奔驰，何以为奔驰？这个问题的答案散落在奔驰近140年的历史当中我们始终立足当下，面向未来用数字化科技打造更智能的汽车并守护着你在车内的隐私安全智能出行时代何以奔驰，是更懂你的奔驰#何以奔驰惟有奔驰#  [组图共6张] 原图 ,2024-11-12 11:04,62,28,16
路途再远，安全也始终近在身边。新一代V级MPV 360度主被动安全防护，让旅程处处周全。 #奔驰V级MPV##大有天地##还得是奔驰大V# 梅赛德斯-奔驰的微博视频  ,2024-11-11 10:00,24,12,2
#天地即征途#从阿克苏向喀什一路奔驰，穿越峡谷与绿洲，登顶冰川高原，盘行于百转古道。#守护心中天地#以驰于壮阔的车辙与无畏的探索精神，向G级车传奇车主Gunther Holtorf和滚烫的越野精神致敬。#越野还得看大G# 2024梅赛德斯-奔驰SUV之旅，纵情于苍茫，从容凯旋；在天地间，在时光里，在旅途中找到...全文 ,2024-11-10 14:06,39,17,6
南疆归来，征途与守护，驰而不息。#守护心中天地#温宿大峡谷，传奇车队蜿蜒而至，穿越沙漠绿洲，于高原仙境眺望无尽之巅，静听慕士塔格峰的无声回响，纵擎驰骋在盘龙古道的百转天路上，直取昆路明珠班迪尔蓝湖，当帕米尔高原近在眼前，内心的宁静与力量，终被唤醒。#天地即征途#天地秀场间，探索传奇...全文 [组图共9张] 原图 ,2024-11-09 10:00,46,24,8
#天地即征途# 全新G 500越野归来，一场专为Ta定制的ASMR沉浸式清洗即将开始。泥泞车身与干净内饰，反差感拉满！#越野还得看大G# 解锁超「G」沉浸的视听盛宴。 梅赛德斯-奔驰的微博视频  ,2024-11-08 12:00,58,18,9
智能进阶，豪华如一高通8295智能座舱芯片、新增5G通信技术第三代MBUX智能人机交互系统车机互动更流畅，语音、导航再升级L2+导航辅助驾驶系统、全系标配带360°摄像头的智能泊车系统路况应对更从容，停车体验更丝滑便捷梅赛德斯-奔驰长轴距GLC SUV升级上市#奔驰GLC# 厂商建议零售价（人民币）：4...全文 [组图共9张] 原图 ,2024-11-07 12:31,52,35,10
请查收梅赛德斯-奔驰碰撞测试现场“暗黑大片”用创新性的检测技术保障你的行车安全#何以奔驰惟有奔驰#  [组图共4张] 原图 ,2024-11-06 13:00,48,20,11
奔驰，何以为奔驰？ 这个问题的答案散落在奔驰近140年的历史当中也在你安全抵达目的地的每一次旅程里安全，是我们跨越百年的承诺何以奔驰从我们安全工程师的“超能力”说起#何以奔驰惟有奔驰#  [组图共6张] 原图 ,2024-11-06 11:00,36,22,6
魔都地标下，公路即秀场。目光聚焦越野ICON的复古G调，即刻沉浸未来想象。梅赛德斯-奔驰携手盟可睐（Moncler）联合NIGO，打造Project G-Class Past II Future艺术车与系列服饰。G级越野车的传奇风范，超越时光，从1979年的街头，驶入未来创想。  [组图共9张] 原图 ,2024-11-05 18:00,43,22,3
传承45载的越野图腾，全新梅赛德斯-奔驰G 500以硬派实力开启传奇新篇。经典的越野三件套，配合电气化动力系统与数字化越野科技加持，#越野还得看大G#。超越G，唯有G。跟随全新G 500，从容踏上#天地即征途#2024梅赛德斯-奔驰SUV之旅，以平静与勇气，在宏大与壮丽中#守护心中天地#。...全文 ,2024-11-05 16:01,61,19,9
正片来袭！#奔驰无图L2++全球首秀#，采用端到端大模型，基于纯视觉方案，50分钟在上海城区跑21公里，全程0接管，“奔驰范儿”的智驾尽显行业头部实力#科技奔驰##何以奔驰惟有奔驰# 梅赛德斯-奔驰的微博视频  ,2024-11-04 15:41,213,36,20
复古优雅，代代相传。即刻沉浸S级秋游「代」入感。随第三代S级112系列的独特“尾鳍”，邂逅秋风；轻抚第四代S级108系列温暖棕色内饰，品味秋日雅趣；驾驶第五代S级116系列，层林尽染中，沉浸如梦般的安全感；与第七代S级140系列加速驶入灿然秋色；视线落入第十一代S级223系列的车身之上，落叶纷飞间...全文 [组图共9张] 原图 ,2024-11-04 14:00,64,28,9
#越野还得看大G#越野ICON在线炫G。全新纯电 G 级越野车搭载 “G-TURN”、“G-STEERING”和“off-road crawl”智能越野爬行模式，以“新越野三件套”，在2024梅赛德斯-奔驰SUV之旅中，带你抵达电动越野的传奇新境。#天地即征途##守护心中天地# 梅赛德斯-奔驰的微博视频  ,2024-11-03 18:19,149,23,51
十载征程#守护心中天地#，2024梅赛德斯-奔驰SUV之旅新疆站启动，去探索宏大与壮丽的征途，回应心中天地的呼唤。全新G级越野车家族，以史上最多元化的产品阵容，迎接首次全国试驾。秉承越野图腾的传奇基因的全新G 500，从赛道到高原的全新AMG G 63，以硬核科技与自然共生的全新纯电G级越野车，群山峻岭...全文 [组图共9张] 原图 ,2024-11-03 12:00,60,14,10
#2024英雄联盟全球总决赛#今晚上演！#梅赛德斯-奔驰#与英雄联盟赛事7年同行，从中国区首席合作伙伴到英雄联盟全球赛事独家汽车行业合作伙伴，见证了无数冠军的诞生。今年的召唤师杯又将花落谁家？此刻，由奔驰全球品牌大使费德勒驾驶#全新纯电G级越野车#特别涂装版冠军座驾护送的召唤师杯已抵达伦敦...全文 [组图共9张] 原图 ,2024-11-02 19:00,106,14,63
征程十载，遍历西域36国的足迹缓缓浮现，纵擎探索中，以向前的勇气和向阳的热忱，尽览天地之美，梅赛德斯-奔驰SUV家族#天地即征途#的雄心从未止步。2024梅赛德斯-奔驰SUV之旅新疆站启动仪式，全新纯电G级越野车传奇亮相，开辟豪华硬派越野新G元。#越野还得看大G##守护心中天地#，从阿克苏启程，向更...全文 ,2024-11-01 21:06,24,11,7
重磅预告！#奔驰无图L2++全球首秀#，采用端到端大模型的AI司机表现如何？马上见～#科技奔驰# 梅赛德斯-奔驰的微博视频  ,2024-11-01 12:00,22,10,7
2024英雄联盟全球总决赛冠亚军决赛明日打响！梅赛德斯-奔驰作为@英雄联盟 全球赛事独家汽车行业合作伙伴，打造全新纯电G级越野车特别涂装版冠军座驾，奔驰全球品牌大使罗杰·费德勒驾驶冠军座驾，护送召唤师杯前往伦敦O2体育馆，与全世界召唤师一同见证冠军的诞生。#全新梅赛德斯-奔驰纯电G级越野车#首...全文[查看全部图片/视频] ,2024-11-01 10:00,1157,85,113
驾驶惬意从容，乘员亦享安心守护。新一代V级MPV新增与升级多项驾驶辅助功能，助你安然前行。#奔驰V级MPV##大有天地##还得是奔驰大V# 梅赛德斯-奔驰的微博视频  ,2024-10-31 10:00,28,18,10
梅赛德斯-奔驰极端天气测试“现场路透”来查收高清美图#何以奔驰惟有奔驰#  [组图共7张] 原图 ,2024-10-30 10:00,78,24,15
亦商亦玩儿，#还得是奔驰大V#既是连续创业者，又是高阶运动玩家的@TOKEN胡依林 选择了新一代V级MPV作为相随创业的伙伴与奉陪撒野的玩伴。随胡依林视角，了解一位企业家如何兼顾事业与爱好，又为何再一次选择#奔驰V级MPV# #大有天地# 梅赛德斯-奔驰的微博视频  ,2024-10-29 10:00,35,15,6
奔驰，何以为奔驰？ 这个问题的答案散落在奔驰近140年的历史当中你向前安心奔驰的每一程背后都是奔驰对于品质的不懈执着何以奔驰今天从一个有点冷的故事说起#何以奔驰惟有奔驰#  [组图共6张] 原图 ,2024-10-29 10:00,36,21,6
#何以奔驰惟有奔驰#极端天气，影响出行？梅赛德斯-奔驰的车辆经历过从零下40°C到零上70°C的真实环境测试，用卓越的品质，保障你的每一程 梅赛德斯-奔驰的微博视频  ,2024-10-29 09:30,107,34,25
碧水丹山，星航共绘。梅赛德斯-奔驰携手十年合作伙伴中国国航共赴世界自然与文化双遗产地——武夷山国家公园，开启公益绿迹之旅。可持续发展理念根植于心，力践于行。自2007年梅赛德斯-奔驰以支持中国世界遗产地保护和管理项目开启在华公益之旅。迄今，已与15处世界遗产地及4大国家公园，开展深度合作...全文 [组图共9张] 原图 ,2024-10-26 16:29,96,28,40
敞开心绪，迎自由的风入怀，此刻，心动过曝。#全新CLE敞篷轿跑车#  原图 ,2024-10-24 17:00,56,30,19
#天地即征途#2024梅赛德斯-奔驰SUV之旅，传奇再续。梅赛德斯-奔驰SUV家族携全新纯电G级越野车，从都市秀场回归天地秀场，循迹丝路古道，从峡谷戈壁到雪山冰川，探秘西域古国，见证山河壮丽，感悟生命广阔，邀你探索传奇新境。#守护心中天地# 梅赛德斯-奔驰的微博视频  ,2024-10-23 10:28,50,29,15
在路上，找寻心中渴望定格的画面，于幕后，以影像创作进行观点表达。知名影像艺术家@黎晓亮Alexvi ，向你分享他的创作心得与新一代V级MPV的用车体验。在胶卷、快门编织的艺术世界中，邂逅#大有天地#，与#奔驰V级MPV#一起，继续再出发。我的拍档与好友，#还得是奔驰大V# 梅赛德斯-奔驰的微博视频  ,2024-10-23 10:00,18,10,4
如何依靠电机脱困？全新纯电G级越野车给你答案。纯电大G，让豪华硬派越野，正式进入电动时代！#奔驰大G# 梅赛德斯-奔驰的微博视频  ,2024-10-23 09:00,29,9,6
如何做好电池保护？全新纯电G级越野车给你答案。纯电大G，让豪华硬派越野，正式进入电动时代！#奔驰大G# 梅赛德斯-奔驰的微博视频  ,2024-10-23 09:00,29,6,3
如何让越野的速度慢下来？全新纯电G级越野车给你答案。纯电大G，让豪华硬派越野，正式进入电动时代！#奔驰大G# 梅赛德斯-奔驰的微博视频  ,2024-10-23 09:00,29,4,5
奔驰，何以为奔驰？这个问题的答案散落在奔驰近140年的历史当中也在无数个传奇的故事里今天，让我们回到传奇的开始一同见证大G的45载越野之旅#何以奔驰惟有奔驰#  [组图共6张] 原图 ,2024-10-22 11:00,80,35,19
传奇ICON燃爆魔都，多款G级越野车经典车型闪现黄浦江畔。经典与时尚，历史与传承，越野图腾的传奇在四十五周年之际再次引领风潮。任时光荏苒，唯传奇永恒。全新G级越野车再赴征途，传奇G续！#奔驰大G# 梅赛德斯-奔驰的微博视频  ,2024-10-22 10:38,13998,29597,1193
传奇与潮流交映，璀璨#Moncler Genius 天才之城#10月19日·上海，梅赛德斯-奔驰 × Moncler盟可睐天才之城完美落幕，感知独属于天才的创意夜晚。全新Project G-Class Past II Future艺术车的传奇才刚刚开始。 梅赛德斯-奔驰的微博视频  ,2024-10-22 10:30,31,7,5
独有的豪华感，于极致中臻现，在不经意间动人心弦。#S级轿车#  原图 ,2024-10-21 17:00,100,32,17
延续Project G-Class Past II Future艺术车的天才灵感，让经典元素成为行走的街头创想。梅赛德斯-奔驰携手@Moncler盟可睐 联合NIGO打造胶囊系列时尚单品。 梅赛德斯-奔驰的微博视频  ,2024-10-20 14:10,36,10,9
本季出街单品，由时尚“盟”友共同呈现。梅赛德斯-奔驰携手@Moncler盟可睐 联合NIGO打造：梅赛德斯-奔驰Past II Future G级越野车限量特别版，延续Project G-Class Past II Future艺术车的传奇灵感，全球限量发售20辆；胶囊系列时尚单品，让G级越野车的经典元素从公路走到秀场，融入街头时尚潮流。...全文 [组图共9张] 原图 ,2024-10-20 14:10,37,8,7
经典 ICON 的天才灵感，焕新呈现。梅赛德斯-奔驰与@Moncler盟可睐 再度携手，将天才灵感注入传奇新作。越野图腾与潮流文化的相遇，让复古格调成为生活方式的时尚缪斯，超越时间而风格永存。#Moncler Genius 天才之城# Project G-Class Past II Future 艺术车，如期而至。  [组图共7张] 原图 ,2024-10-19 20:17,64,17,9
「Project G-Class Past Ⅱ Future 艺术车」的天才灵感已就位。G刻出发，从经典驶向未来。目的地：#Moncler Genius 天才之城# @Moncler盟可睐 梅赛德斯-奔驰的微博视频  ,2024-10-19 20:13,33,4,1
超越经典，释义新篇。梅赛德斯-奔驰再度携手@Moncler盟可睐 ，联合NIGO共呈。今晚，天才之城见。#Moncler Genius 天才之城# [查看全部图片/视频] ,2024-10-19 16:31,41,11,5
欢迎梅赛德斯-奔驰G级越野车品牌大使@张艺兴 先生成为首批纯电G 580车主。#奔驰大G# #张艺兴-G级越野车品牌大使#  原图 ,2024-10-19 10:07,323761,266939,149707
梅赛德斯-奔驰欢迎歌手、演员@张艺兴 先生成为梅赛德斯-奔驰G级越野车品牌大使，传奇相遇，G艺超群。#奔驰大G# #张艺兴-G级越野车品牌大使#  原图 ,2024-10-18 22:07,1067531,906804,94518
以硬核越野性能，交融开创性电驱技术。G级越野车家族首款纯电量产越野车震撼来袭，承袭家族传统越野三件套：电动虚拟差速锁、电动低速越野挡功能和非承载式车身；凭借强悍智能电驱系统打造“新越野三件套”： “off-road crawl”智能越野爬行模式-上下坡时，实现“定速巡航”、“G-STEERING”转向功能...全文 [组图共9张] 原图 ,2024-10-18 21:02,180,29,32
越野图腾掣电抵沪，传奇盛宴等你来赴。“登峰造G”梅赛德斯-奔驰G级越野车之夜即将开启，一起见证传奇新篇。#奔驰大G# 梅赛德斯-奔驰的微博视频  ,2024-10-18 11:30,172,13,29
撷星光而来，于方寸之间遇见#大有天地#。2024年 VOGUE Forces of Fashion 时尚之力盛典今日启幕，梅赛德斯-奔驰担任独家汽车合作伙伴，快来看看新一代V级MPV上有没有你想见到的人😍赴约高光时刻，#还得是奔驰大V##奔驰V级MPV#  [组图共4张] 原图 ,2024-10-17 16:38,64,13,15
传奇ICON即将抵沪G级越野车多款历史标志车型闪现上海。经典与时尚，历史与传承，越野图腾的传奇新篇如期而至。“登峰造G”梅赛德斯-奔驰G级越野车之夜，即将启动。10月18日，邀你直击摩登传奇。#奔驰大G# 梅赛德斯-奔驰的微博视频  ,2024-10-16 18:00,90,16,15
历经45载传奇征程，全新G级越野车家族即将在“登峰造G”梅赛德斯-奔驰G级越野车之夜震撼齐聚。即刻预约直播，10月18日20:45，邀你一起见证。#任时光荏苒，唯传奇永恒##奔驰大G#  梅赛德斯-奔驰的微博直播 登峰造G 梅赛德斯-奔驰G级越野车之夜  ,2024-10-16 18:00,7314,1637,928
从喧嚣间，驶往心之安处。多年来，#奔驰V级MPV#始终担任顶奢度假酒店@柏联酒店 的贵宾用车，新一代V级MPV作为柏联酒店礼宾车队的新成员，携手昆明、景迈、重庆、和顺、黄果树5家柏联酒店打造尊享精选定制路线，邀你开启隐奢之旅，于山海之间邂逅#大有天地#柏联酒店尊享，#还得是奔驰大V#10月1日-12...全文 ,2024-10-16 10:00,28,11,9
当中式浪漫邂逅越野图腾，超越时间的生命力，以爱之名，风格永存。国际知名中国时装设计师陈鹏，延续其可持续发展的理念，将45000片青花瓷片回收、打磨，勾勒出盛放的玫瑰，镶嵌于车身之上，致敬G级越野车45年的传奇历程，创作G级越野车艺术作品《石破·天青》。作为时尚缪斯的G级越野车，集越野、艺...全文 [组图共9张] 原图 ,2024-10-16 09:00,118,17,29
梅赛德斯-奔驰全情支持2024上海劳力士大师赛。全力以赴，14载荣耀相伴；全场奔驰，传奇巨星倾力逐梦。2024梅赛德斯-奔驰网球季完美落幕！但传奇永不停息，精彩G续！ 梅赛德斯-奔驰的微博视频  ,2024-10-15 20:29,37,14,6
乐高大G勇闯梅赛德斯-奔驰大厦！三大试炼接连来袭！🔥Ta能否集齐试炼勋章，解锁发布会邀请函？🎟️10月18日，上海梅赛德斯-奔驰G级越野车之夜！乐高大G已经整装待发，快来一探究竟！🚙#快乐拼满G刻开玩##G级越野车##奔驰大G#  梅赛德斯-奔驰的微博视频  ,2024-10-15 18:01,54,28,19
十一假期，奔驰车主怎么过？智能出行报告已发布，一起看看👀同级智能驾驶标杆，如何成就小长假惬意奔驰的新体验：AI老司机的智驾里程新记录；“油电同智”的高阶享受；智能泊车的升级体验，全方位公开。第三代MBUX的便捷交互为奔驰车主带来了哪些快意时光：语音助理的豪华范儿；车载娱乐的高频...全文 原图 ,2024-10-11 10:00,37,20,220
一辆车如何成为图腾？一个ICON如何成就传奇？潮流不断更替，但忠于自我的风格却永远存续。当从前成为经典，现在成为风潮，最后，变成了传奇。梅赛德斯-奔驰携手吕燕翩然呈现上海时装周开幕秀 梅赛德斯-奔驰的微博视频  ,2024-10-10 17:31,204,21,95
"探索以想象为翼，共创为破界而生梅赛德斯-奔驰 x Moncler 盟可睐合作打造的PROJECT MONDO G艺术车首度登临魔都10月9日-10月18日，上海·新天地时尚 | 户外广场""登峰造G""梅赛德斯-奔驰限时空间无限灵感，与您相遇 梅赛德斯-奔驰的微博视频  ",2024-10-09 14:00,63,15,84
全力以赴，15载荣耀相伴，全场奔驰，谱写华彩瞬间，2024中国网球公开赛圆满落幕，梅赛德斯-奔驰网球季燃情不断 梅赛德斯-奔驰的微博视频  ,2024-10-08 20:08,64,11,16
穿越时光，与经典相遇回顾难忘瞬间，依然心潮澎湃梅赛德斯-奔驰作为OCR晒车节的深度合作伙伴和超级参与者，与车迷、车友们一同狂欢，因热爱相聚，因相聚而更加热爱，Let’s shine together！ 梅赛德斯-奔驰的微博视频  ,2024-10-07 16:20,50,11,23
#世界动物日#同一方热土，同一个家园。#奔驰#“动物”世界兜风指南，向野而奔，愿所有生命都能被温柔以待！  [组图共6张] 原图 ,2024-10-04 10:00,109,21,35
时光流转，梦幻依旧自70年前梅赛德斯-奔驰300SL开启关于Super Light的极致追求缓缓升起的鸥翼带着汽车的梦想一同起飞 梅赛德斯-奔驰的微博视频  ,2024-10-02 10:00,56,28,15
汽车史上最著名的设计师之一布鲁诺·萨科（Bruno Sacco）数十年间塑造了梅赛德斯-奔驰众多标志的风格。其中他最爱和引以为傲的是 126 系列的豪华轿车和双门轿跑车。获悉他去世的消息，我们深感悲痛。他出生于意大利，1958年加入梅赛德斯-奔驰，直至1999年退休，以其标志性的设计和对美学的热情给公司留...全文 [组图共3张] 原图 ,2024-09-30 12:41,41,24,18
让我看看有谁在#周日#上班？ 全球咖啡日，Mr. AMG给你的精神头儿加满油！横扫班味儿，血脉觉醒，等你进站！#AMG##咖啡# 评论区分享出奔驰与咖啡的故事，秀出你的“啡”凡时刻！ 梅赛德斯-奔驰的微博视频  ,2024-09-29 10:00,47,16,23
2024年中国网球公开赛已开赛一周上海劳力士大师赛进入倒计时3️⃣天作为两项顶级赛事的官方搭子我们为各位观赛“网”友带来一份超默契的「合拍词典」📒从容享受速度与风度的优雅进阶#开奔驰打网球真的很搭# 你的“网”感如何？🎾即刻载上你的网球搭子奔向心驰神往的球场吧！😆  [组图共9张] 原图 ,2024-09-27 11:00,51,20,12
@ 全体玩家，你收到了一封跨次元的邀请 👂穿越时空，开启异世界的别样旅程！准备好了吗，千万别眨眼，G刻跟随奔驰G 500驶入乐高所在的次元！😍看完视频还没过瘾？别着急，线下还有更多精彩等着你！📢乐高“热爱不打烊”消费者体验活动即将登陆北京751火车头广场🤳传奇奔驰G 500惊艳亮相，...全文 ,2024-09-27 10:00,194,60,156
从平平无奇的路人，到实力超神的全明星，是背后日常训练里一次又一次的死磕到底、坚持自我，才能用实力打破质疑，GANK那些唱衰的人。不服？来2024全球总决赛对线，让你#眼见为实##英雄联盟S14##2024全球总决赛##Worlds2024##EQE纯电SUV# 梅赛德斯-奔驰的微博视频  ,2024-09-26 12:00,16,10,5
蕴含尖精科技的智能数字大灯，每盏拥有3个超强功率LED，合计260万像素的视频流，顷刻间照亮未来之路。#奔驰的标准#，是在车灯的智能科技路上不断创新，引领行业发展；也是在夜的深邃中，守护照亮安全的每一步 梅赛德斯-奔驰的微博视频  ,2024-09-26 09:52,24,21,7
世界上只有两种氛围灯：一种叫奔驰的氛围灯，其他的都叫灯。奔驰以64色环绕设计与8000小时恒久光辉，拿捏每处细节的舒适和美感。结合智能与情感打造出的氛围，才是#奔驰的标准# 梅赛德斯-奔驰的微博视频  ,2024-09-26 09:51,48,19,9
你知道么？奔驰不仅是汽车的发明者，也是车灯的引领者。从车上的第一盏烛火，到璀璨的科技明灯，138年来，传承、安全、情感与智能的灯光发明持续照亮人类出行的未来，见证三叉星徽永不熄灭的创造热情 梅赛德斯-奔驰的微博视频  ,2024-09-26 09:50,25,12,9
行于东西交迭之界，与时尚优雅共鸣。梅赛德斯-奔驰作为汽车发明者，不断以先锋之姿站在潮流前沿，让三叉星的光芒在伦敦、纽约、柏林等世界主要时装周激情闪耀 。此次梅赛德斯-奔驰与上海时装周首度携手，作为官方指定汽车合作伙伴，联袂呈现2025春夏上海时装周，并将与中国内地超模、服装设计师吕燕...全文 [组图共12张] 原图 ,2024-09-24 18:00,49,20,18
优雅开合之间，电启超然新程智慧加持驾驶，直抵巅峰至境全新梅赛德斯-迈巴赫EQS纯电SUV同超乎想象，共赴至臻天地 梅赛德斯-奔驰的微博视频  ,2024-09-24 09:30,30,11,3
今天网球局，新学到的OOTD搭配🎾一拍即合的“网”感大片即使在球场边，也很出片～#开奔驰打网球真的很搭#  上海劳力士大师赛开赛倒计时一周截至9月27日12:00评论区分享你在网球场上的精彩瞬间我们将根据留言内容抽取5位幸运球友分别送上2张上海劳力士大师赛门票*观赛日期以实际收到的票面...全文 [组图共9张] 原图 ,2024-09-23 10:10,118,37,108
踏阶而上关怀倍显，至臻设计豪华尽现交错觥筹间，从容逾山越海梅赛德斯-迈巴赫GLS SUV邀@秋晨同学 入座，一起开启礼遇天地之旅 梅赛德斯-奔驰的微博视频  ,2024-09-23 09:30,90,28,20
今日#秋分#万物秋爽，恰如其分；梅赛德斯-奔驰愿您不慌不忙，顺时而奔！#智能豪华独E无二# 梅赛德斯-奔驰的微博视频  ,2024-09-22 10:00,51,24,19
赢得了比赛，更赢得了目光👀这样的网球“搭子”，很难不心动💓！#开奔驰打网球真的很搭# 评论区分享出你最想拥有哪件网球“搭子”单品🎁截至2024年9月23日12:00我们将根据留言内容抽取15位球友分别送上奔驰网球周边1套～快来和#网球搭子一起奔驰#，让球技buff加满吧！*周边套装含定制...全文 [组图共6张] 原图 ,2024-09-20 13:30,575,122,455
新一代V级MPV焕新升级，双大满贯得主、青少年网球推广者 @郑洁 选择了V-Class作为自己的网球逐梦搭档，请她来告诉大家为什么#还得是奔驰大V##奔驰V级MPV##大有天地# 梅赛德斯-奔驰的微博视频  ,2024-09-20 11:18,24,9,8
承载着艺术的力量，梅赛德斯-奔驰携手艺术殿堂@国家大剧院，为您献上布鲁克纳“浪漫”交响曲，奏响跨时空的不朽乐章。9月25日国家大剧院，梅赛德斯-奔驰艺境和鸣音乐会，共同品味百年传奇在艺术之路上的礼赞和回馈。 梅赛德斯-奔驰的微博视频  ,2024-09-20 11:00,23,9,7
开天地之序，纵横万水千山傲然越野任驰骋，境到逆处仍从容梅赛德斯-迈巴赫GLS SUV让心之所向，锐不可当 梅赛德斯-奔驰的微博视频  ,2024-09-20 09:30,37,9,7
球场边的梅赛德斯-奔驰跨越一个多世纪，以优雅的摩登风采陪伴TA们穿梭在生活场与网球场之间完美诠释 #开奔驰打网球真的很搭# 评论区分享出你「开奔驰打网球」的风采时刻截止9月22日12:00我们将抽取5位幸运球友分别送上2张2024中国网球公开赛-钻石球场门票*观赛日期以实际收到的票面日期为准  [组图共9张] 原图 ,2024-09-19 12:25,71,31,49
以器成礼，敬迎当代贤达至臻空间，尽显宏阔格局梅赛德斯-迈巴赫S级轿车与礼道并行致远，风雨亦从容 梅赛德斯-奔驰的微博视频  ,2024-09-19 09:30,75,33,6
MAYBACH x David LaChapelle | 超现实主义景观作品致敬1930年代盛行于巴黎的超现实主义艺术流派，重复的表现手法结合非传统元素，辅以戏剧、舞蹈等多样化的艺术载体，摆脱桎梏，开启梅赛德斯-迈巴赫GLS SUV的超现实之旅 MAYBACH x David LaChapelle，佳作展览北京 · 今日美术馆2号馆，9月15日至9月...全文 ,2024-09-17 10:00,27,13,8
MAYBACH x David LaChapelle | 未来主义景观作品灵感源自未来主义艺术流派，梅赛德斯-迈巴赫EQS纯电SUV与金字塔两大工程杰作比肩而立，结合表演者及飞碟等天马行空的视觉元素，呈现古典交融未来科幻的奇妙观感 MAYBACH x David LaChapelle，佳作展览北京 · 今日美术馆2号馆，9月15日至9月25日车主...全文 ,2024-09-16 10:00,24,14,9
MAYBACH x David LaChapelle | 立体主义景观作品融合多位立体主义先驱的艺术风格，以立体主义的大胆革新对话梅赛德斯-迈巴赫S级轿车的永恒优雅，呈现充满生机与活力的视觉震撼 MAYBACH x David LaChapelle，佳作展览北京 · 今日美术馆2号馆，9月15日至9月25日车主观展福利：持奔驰车钥匙或Mercede...全文 ,2024-09-15 10:10,44,13,44
#中秋#将至，迎月来，月圆人如愿。一轮圆月，G送相思。梅赛德斯-奔驰与@乐高中国 一起，愿您所念常相见。中秋归家，你pick哪一辆G？#G级越野车#  评论区分享您中秋最想“奔驰”去哪里，截至9月19日12:00，我们将抽取3位幸运粉丝送出「Urban系列飞盘一个」与「G级越野车回力车车模一辆」...全文 ,2024-09-15 09:30,299,105,281
至臻奇思，超越想象。梅赛德斯-迈巴赫再度携手世界最伟大的当代艺术家之一David LaChapelle(大卫·拉切贝尔)，以迈巴赫臻品焕化创作灵感，打造三幅旷世杰作，探索梅 赛德斯-迈巴赫与艺术世界的文化共鸣与共享精神MAYBACH x David LaChapelle，佳作展览北京 · 今日美术馆2号馆，9月15日至9月25日 车主...全文 ,2024-09-14 18:00,28,11,8
自有驰来风 ｜ 人与自然共舞莫干山间，众人各得从容，心归自有天地。作家@宋茜 灵感涌动；植物学学生@这是邱天 手中的叶片诉说着山林的故事；女明星@王雯琴 再度投入角色；救生员@春夏_x 在泳池旁洞察一切；茶农@歐陽娜娜Nana 带着迷途的小鸭归途；放映员@陈靖可 在山间放映光影故事。山顶上，天色骤...全文 ,2024-09-14 15:00,354,26,38
自有驰来风 ｜ 女明星出神一刻女明星@王雯琴 在莫干山沉浸演绎，一抹意外打破沉思。她再次专注，这不正是新的开始？ 莫慌，再来一次，次次生动。生动亦心动。#奔驰CLE##有远见的生活##自有驰来风# 梅赛德斯-奔驰的微博视频  ,2024-09-14 14:00,18,9,4
"转发理由:提车快乐！🎉🎉上一代大V车主，又一次选择了#奔驰V级MPV#。用心呵护所爱，#还得是奔驰大V# 🔗即刻Get吴尊同款大V 网页链接  
原始用户: 吴尊
转发内容: 答应大家的最新款#奔驰V级MPV#提车分享来咯！😉这次我们全家一起出动，来到4S店把“老朋友”带回家啦🎉而且弟弟超级厉害👍，有负责这条提车的Vlog很多镜头拍摄哦📹             #大有天地##还得是奔驰大V# 吴尊的微博视频  ",2024-09-14 10:00,125,18,14
复古掀起潮流，经典全新演绎。一年一度的汽车主题嘉年华「OCR晒车节」即将盛大启幕，梅赛德斯-奔驰作为深度合作伙伴和超级参与者，向你发出正式邀请。10月3日-5日，绍兴·浙江国际赛车场，让我们为热爱相聚，Shine together！评论区留言，你在OCR晒车节最期待见到的奔驰车型。截止9月16日12:00，我们...全文 ,2024-09-13 22:47,32,5,12
明明是台新座驾，却默契得像老朋友。新一代V级MPV携多项智能化升级，见微知著般懂你，恰到好处地帮你。#奔驰V级MPV##大有天地##还得是奔驰大V# 梅赛德斯-奔驰的微博视频  ,2024-09-12 14:00,22,12,5
自有驰来风 ｜ 电影放映员随机应变莫干山的夜色中，电影放映机故障，放映员@陈靖可 镇定应对，众人齐心，光影交织，故事悄然展开。莫慌，电影讲述故事，而人活出故事。光影流转，从容演绎。#全新CLE敞篷轿跑车##有远见的生活##自有驰来风# 梅赛德斯-奔驰的微博视频  ,2024-09-12 12:00,14,7,3
#天地即征途#越野图腾，始于1979，长白圣地，传奇G续。泥泞、岩石、涉水，深入G-Class Only专属越野区域，极境之中，释放强悍实力，G级越野车拓界豪华，书写不朽传奇。#守护心中天地# 梅赛德斯-奔驰的微博视频  ,2024-09-11 18:00,30,10,11
面对面会客，才是高规格待客。新一代V级MPV座椅布局灵活多变，让沟通真诚无间。#奔驰V级MPV# #大有天地# #还得是奔驰大V# 梅赛德斯-奔驰的微博视频  ,2024-09-11 14:00,19,8,8
自有驰来风 ｜ 植物学学生寻一片树叶植物学学生@这是邱天 在莫干山漫步，一片叶子轻落车窗外，仿佛山林秘语。丢失与重获间，自然的馈赠悄然而至。  莫慌，一叶知山，见树也见林。迎风入怀，邂逅心动。#全新CLE敞篷轿跑车##有远见的生活##自有驰来风# 梅赛德斯-奔驰的微博视频  ,2024-09-11 12:00,24,4,5
自有驰来风 ｜ 作家灵感破界一刻作家@宋茜 驶入莫干山，环境一变，灵感乍现。顶篷开启，天地开阔，某种奇遇正待她发现。  莫慌，文字有界，身心无拘。打开顶篷，此刻采风。#全新CLE敞篷轿跑车##有远见的生活##自有驰来风# 梅赛德斯-奔驰的微博视频  ,2024-09-10 13:31,7048,561,698
65年前的今天，梅赛德斯-奔驰完成了人类历史上首次实车系统性碰撞测试。撞击仅仅一瞬，但奔驰为汽车工业奠定的基础，领跑探索碰撞安全的余音却响彻至今。向2050年“零致命性交通事故”愿景继续迈进 #科技奔驰#  原图 ,2024-09-10 10:18,46,10,7
坐享从容，亦不失驾控快意。新一代V级MPV驾乘体验全面升级，每一种路况，都为你应答如流。#奔驰V级MPV##大有天地##还得是奔驰大V# 梅赛德斯-奔驰的微博视频  ,2024-09-09 14:39,22,11,5
智能进化，高性能芯片全面提升驾乘体验。高通8295芯片释放更强的AI算力，运行更流畅；L2+导航辅助驾驶系统，应对各种路况更从容；全场景免唤醒，语音识别更准确；Unity渲染沉浸式3D地图，导航更直观；搭载360度摄像头，智能泊车更丝滑；兼容安卓+3年无限流量，车载娱乐更丰富。梅赛德斯-奔驰长轴距C...全文 ,2024-09-09 11:00,39,29,10
"以C位姿态，智能进化高通8295芯片释放更强算力L2+导航辅助驾驶系统，应对路况更从容新增智能泊车功能停车更便捷更智能，更精准，更懂你#入座你的舒适区#梅赛德斯-奔驰长轴距C级车焕新上市厂商建议零售价：人民币334,800—410,600元  [组图共6张] 原图 ",2024-09-09 10:30,43,22,13
#天地即征途# 登顶天池 在海拔2470米之巅，探秘被誉为“世界最高火山湖”的传奇水源；深入原始丛林，寻觅山中灵参的生长秘密。对生灵万物，心怀敬畏，梅赛德斯-奔驰SUV家族与你守护每一寸被足迹丈量过的土地。#守护心中天地# 梅赛德斯-奔驰的微博视频  ,2024-09-06 18:21,28,20,4
#天地即征途# 长白山脉追寻沉积千万年的自然遗迹，G级越野车穿行于《山海经》中的“不咸山”，直抵长白山第一村；体验非遗文化的灿烂传承，沉浸古老文明凝结的智慧想象，梅赛德斯-奔驰SUV家族带你一起探秘历史传奇印迹。#守护心中天地# 梅赛德斯-奔驰的微博视频  ,2024-09-05 18:00,38,20,7
新一代EQA纯电SUV，为每一次出行带来自由灵动的驾乘乐趣。#自由灵动，这很奔驰# 梅赛德斯-奔驰的微博视频  ,2024-09-04 17:40,31,17,4
外显实力，内蕴从容。#奔驰GLE SUV#  [组图共2张] 原图 ,2024-09-02 17:00,131,37,24
纳天地于心，方能识变从宜。新一代V级MPV以广阔天地，打造灵活多变的奢阔空间。#奔驰V级MPV# #大有天地# #还得是奔驰大V# 梅赛德斯-奔驰的微博视频  ,2024-08-30 10:00,27,13,8
梅赛德斯–奔驰热情登陆成都国际车展4号馆，全品牌28款瞩目车型诚邀莅临，8月30日-9月8日，#奔驰在成都# ，巴适得很！ 梅赛德斯-奔驰的微博视频  ,2024-08-30 09:00,34,12,9
以身心入境，寻觅浮华之间的那一隅独享天地。新一代V级MPV，以独到豪华氛围，伴您探索人生的无限可能。#奔驰V级MPV# #大有天地# #还得是奔驰大V# 梅赛德斯-奔驰的微博视频  ,2024-08-29 10:00,34,12,4
细节之处，睹真章。新一代V级MPV以小见大，在匠心巧运之中，阅见温润内在。#奔驰V级MPV##大有天地##还得是奔驰大V# 梅赛德斯-奔驰的微博视频  ,2024-08-28 10:00,23,15,15
#奔驰的标准#你知道，汽车发明者同样也是底盘的发明者吗？138年间，从被动悬挂到主动式悬挂，梅赛德斯-奔驰始终引领着汽车底盘技术的发展，并为行业奠定了“魔术车身控制系统”等许多智能技术的基础 梅赛德斯-奔驰的微博视频  ,2024-08-27 20:13,35,26,4
#奔驰的标准#拥有“高级感”的底盘是玄学？奔驰说，不，是科学！奔驰不信各种“伪命题”，而是打造出一套对底盘科学的客观评价标准，结合“金屁股”工程师丰富的主观经验，让每一辆奔驰，一开就知道是奔驰！ 梅赛德斯-奔驰的微博视频  ,2024-08-27 20:12,35,24,8
耀于其形，展示大家风范。新一代V级MPV承袭梅赛德斯-奔驰百年豪华底蕴，为你诠释设计的豪华。#奔驰V级MPV##大有天地##还得是奔驰大V# 梅赛德斯-奔驰的微博视频  ,2024-08-27 10:00,22,6,3
微风轻拂，阳光正好此刻，休憩一下让熠熠星光，点亮此刻自由时光把生命力的电量充满#青松奔驰这很松弛# #青松奔驰# #EQA# #EQB#评论区点赞，一起和奔驰轻松一下。截止9月10日中午12:00，我们将抽取20位幸运用户，各送一个星徽随行小青松～  [组图共9张] 原图 ,2024-08-27 10:00,937,27,156
入座由Bouclé软呢织物点缀的#梅赛德斯-迈巴赫S级Haute Voiture限量高定#座舱，于至美设计中探触至臻匠心。  [组图共2张] 原图 ,2024-08-26 17:00,89,24,12
新一代V级MPV多达25项的产品力全面焕新，不仅为车内一方天地带来全新观感，更以进取之姿助你抵达更大的新天地。#奔驰V级MPV##大有天地##还得是奔驰大V# 梅赛德斯-奔驰的微博视频  ,2024-08-26 10:00,47,16,8
"转发理由:老友重逢🤝 欢迎@吴尊 先生再次选择V级车，成为新一代V级MPV首位车主。#奔驰V级MPV#  
原始用户: 吴尊
转发内容: 回到老家泉州，揭晓“老朋友”的焕新时刻😉作为奔驰V-Class老车主的我，也是新一代大V的首位车主🥇🔑之后提车再和大家分享哦🙌❤️🚗#奔驰v级mpv#  [组图共6张] 原图 ",2024-08-24 20:49,401,375,390
"大有天地新一代V级MPV现已上市厂商建议零售价(人民币)：V 300 领航版：496,800元V 300 尊贵版：609,800元V 300 L 长轴距尊贵版：639,800元V 300 L 长轴距豪华版：669,800元网页链接#奔驰V级MPV##大有天地#  [组图共9张] 原图 ",2024-08-24 20:07,85,4048,33
焕新自内而外，奢享空间一如既往。新一代V级MPV以全面产品力革新，带来全方位的豪华驾乘体验；以傲视同级之大，为你容纳一切所需所想。此刻，于#奔驰V级MPV#中，尽享#大有天地# 梅赛德斯-奔驰的微博视频  ,2024-08-24 20:00,149,20,92
#长轴距E级运动轿车#一出场，就描绘了浑然天成的氛围感。感性纯粹的轮廓与自然融为一体，是颜料画不出的美；星徽点缀下，将与生俱来的优雅融入每一寸肌理；轻而易举，收获所有目光。#智能豪华，独E无二#  [组图共6张] 原图 ,2024-08-23 10:00,48,18,9
"转发理由:与梅赛德斯-奔驰品牌挚友@张艺兴 一起，感受来自#全新纯电G级越野车# 的传奇灵感！#G艺超群#  
原始用户: 张艺兴工作室
转发内容: 送来一则《STEP》MV拍摄花絮视频📹得同频之人，踏歌而行。遇一拍即合的伙伴，步伐如出一辙，Boss@张艺兴 的STEP之旅，with“My G”🕺 张艺兴工作室的微博视频  ",2024-08-22 14:08,22937,26630,2606
跨越，时间的边界。超越，汽车的定义。梅赛德斯-迈巴赫，让磅礴的想象力自由飞驰。超然至境，永无止境。至美至臻，源起1921。 梅赛德斯-奔驰的微博视频  ,2024-08-22 11:00,540,37,32
逾越山海，入超然胜境高山之巅，尘嚣未染；循礼而来，南坪雅聚梅赛德斯-迈巴赫，以至臻豪华礼蕴，致敬君子贤达  [组图共4张] 原图 ,2024-08-21 10:00,64,14,8
瞥见#奔驰CLE#，从此心动便有了轮廓。  原图 ,2024-08-20 10:00,54,12,7
45年传奇出征，随处可往。跟随《传G·传奇》第五辑，与G级越野车一起行山涉水、越障飞坡。向远方，向山海，在每一个未竟之地，留下传奇的印记。#有G者事竟成# 网页链接  [组图共4张] 原图 ,2024-08-19 17:31,139,29,26
感念天地万物，悠然见南坪。循礼天下，蕴蓄百年光华，梅赛德斯-迈巴赫家族，以旷世典范，呈至臻豪华。   [组图共4张] 原图 ,2024-08-19 10:00,91,22,10
南坪雅集，蕴礼而至。随梅赛德斯-迈巴赫家族，共赴悠然胜境，赋时代新篇。  [组图共4张] 原图 ,2024-08-16 14:16,70,22,15
觅长白奇境，探天池密林。梅赛德斯-奔驰SUV家族，2024征程再启。凭借纯粹的越野基因，强悍的动力操控和智能的科技配备，无惧峰峦迭起，驾乘游刃有余，将热忱融入风光旖旎，共同#守护心中天地#。 梅赛德斯-奔驰的微博视频  ,2024-08-16 10:00,36,20,6
即刻进入#奔驰GLB SUV#的万变空间。入座可加热的前排座椅，脚踏天鹅绒脚垫，陷入无尽的细腻柔软；打开64色环境氛围照明系统，描摹光彩流动，探寻瞬息变幻之美；沉浸#柏林之声环绕立体声音响系统#的天籁殿堂，让跃动的音符拂走疲惫；透过可随心定义风格、自由触控的双10.25英寸中央触摸显示屏，畅享...全文 [组图共2张] 原图 ,2024-08-15 10:00,56,21,9
致你，乘匠心之著，享每一寸光阴，至善至臻！敬你，以经纬之驭，享车轮上的殿堂，熠熠闪耀！梅赛德斯-奔驰迈巴赫学院出行管家培训，以百年淬炼，缔造礼道杰作，助君子贤达，抵达别样奢华。 梅赛德斯-奔驰的微博视频  ,2024-08-14 10:00,44,10,12
突如其来的心潮澎湃，看尾灯行事。#EQE纯电SUV#  原图 ,2024-08-13 17:00,46,12,13
#奔驰V级MPV# 当全新双外观设计，遇见全新中控设计一如既往的超大载客空间为你带来每一排、每一座的自由伸展新一代V级MPV开启预售多重预售礼遇，限时惊喜开享网页链接  [组图共9张] 原图 ,2024-08-12 16:20,33,35,20
从清晨的微光，到黄昏的余晖，#奔驰#长情以伴。日暮星河，爱在此刻。#七夕#，于豪华细节中，见证爱意升华，定格心动一瞬。 梅赛德斯-奔驰的微博视频  ,2024-08-10 10:00,40,23,12
为心动举杯，满满爱意，涌入星河熠熠时光流转，爱生万象此刻#七夕#，愿天下有情人迈向心中所爱  [组图共6张] 原图 ,2024-08-10 09:30,48,14,9
驭万钧之力，履险如夷。#奔驰GLS SUV#  [组图共2张] 原图 ,2024-08-09 10:00,78,19,15
关于舒适，瞬间“喵”懂啦！#国际猫咪日# #奔驰e级车# #奔驰# 梅赛德斯-奔驰的微博视频  ,2024-08-08 10:00,63,24,10
#长轴距E级运动轿车#一出场，就定义了与生俱来的贵气。是多一点运动感，更多一点心动感；在无拘无束的动感之美中，诠释自由。是当下的每一刻，都要尽情享受；随可调节的座椅靠背与腿托，沉浸无边惬意。以#智能豪华，独E无二#的姿态，即刻启程。  [组图共9张] 原图 ,2024-08-08 10:00,40,20,6
#奔驰的标准# 好料更要有好厨！分贝值和“堆料”，都不是优秀NVH的全部。对这项系统性工程，奔驰以“不打补丁”的严谨流程和工程师的“金耳朵”，造就追求均衡与极致的出色NVH 梅赛德斯-奔驰的微博视频  ,2024-08-07 19:12,18,15,4
想拥有一辆奔驰，可以听听新「享」法！#奔驰官方认证二手车真享季#开始啦，「享」开奔驰、「享」换奔驰，「享」舒心易手。#奔驰二手车#官方品牌背书，车源优中之选。助你真享如新，放心奔驰。 梅赛德斯-奔驰的微博视频  ,2024-08-07 10:05,12,12,6
#今日立秋#  宜重彩奔游！#迈巴赫灵感成臻#  千里江山中国色，重彩东方奔新秋。#立秋# 梅赛德斯-奔驰的微博视频  ,2024-08-07 10:00,35,22,4
莫道君行远，相约下南坪；苍山云海树，万里竞相迎。探，王朗群青的天地至美；启，礼蕴超然的当代新章。梅赛德斯-迈巴赫，百年时光，循礼而来。 梅赛德斯-奔驰的微博视频  ,2024-08-06 17:30,64,19,8
尾灯入目，心动转瞬炙热，怦然如盛夏晚风。#奔驰CLE#  原图 ,2024-08-05 17:00,56,19,6
奔驰全新一代智舱智驾硬核科技，全球首发。即刻与“奔驰科技探索官”，一起深入奔驰数字化创新的“秘密基地”——上海研发中心，探览下一代自动驾驶和智能座舱等最新技术成果。以中国速度，领数字豪华；以奔驰标准，树行业标杆。  [组图共4张] 原图 ,2024-08-02 22:55,37,21,8
奔驰中国研究项目大揭秘！工程师带你体验#奔驰L4级自动驾驶路测# ，从奔驰研发技术中心到大兴机场，全程脱手，一起出发！ 梅赛德斯-奔驰的微博视频  ,2024-08-02 20:36,148,46,28
赛场上，从容彰显实力，于远眺间，尽情享受淋漓快意。以至臻追求，见证荣耀时刻，我们明年见！#梅赛德斯杯# ，挥洒间，洞见天地 梅赛德斯-奔驰的微博视频  ,2024-08-02 18:03,16,7,3
新一代EQB纯电SUV满载“新”动而来。短短30秒，如此“新”满意足。 #自在空间，这很奔驰# 梅赛德斯-奔驰的微博视频  ,2024-08-02 10:00,13,12,3
新一代EQA纯电SUV，满满“新”意，一次看个够！#自由灵动，这很奔驰# 梅赛德斯-奔驰的微博视频  ,2024-08-02 10:00,12,11,5
"在电动世界里，探享生活与驾驶的双重乐趣要将生活质感刻画于心，去把淋漓动感彰显于行新一代梅赛德斯-奔驰EQA纯电SUV及EQB纯电SUV焕新上市厂商建议零售价(人民币) 新一代EQA 260纯电SUV：322,000元 新一代EQB 260纯电SUV：352,000元 新一代EQB 350 4MATIC纯电SUV：428,000元 ...全文 [组图共9张] 原图 ",2024-08-01 12:25,23,12,6
当理性与感性相遇，探享生活与驾驶的双重乐趣新一代梅赛德斯-奔驰EQA纯电SUV与EQB纯电SUV焕新上市 #每种感觉，都很奔驰#  梅赛德斯-奔驰的微博视频  ,2024-08-01 12:00,20,11,3
"转发理由:与梅赛德斯-奔驰品牌挚友@张艺兴 一起，感受来自#全新纯电G级越野车# 的传奇灵感！#G艺超群#  
原始用户: 张艺兴工作室
转发内容: 送来一则《STEP》MV拍摄花絮视频📹得同频之人，踏歌而行。遇一拍即合的伙伴，步伐如出一辙，Boss@张艺兴 的STEP之旅，with“My G”🕺 张艺兴工作室的微博视频  ",2024-08-22 14:08,22937,26630,2606
跨越，时间的边界。超越，汽车的定义。梅赛德斯-迈巴赫，让磅礴的想象力自由飞驰。超然至境，永无止境。至美至臻，源起1921。 梅赛德斯-奔驰的微博视频  ,2024-08-22 11:00,540,37,32
逾越山海，入超然胜境高山之巅，尘嚣未染；循礼而来，南坪雅聚梅赛德斯-迈巴赫，以至臻豪华礼蕴，致敬君子贤达  [组图共4张] 原图 ,2024-08-21 10:00,64,14,8
瞥见#奔驰CLE#，从此心动便有了轮廓。  原图 ,2024-08-20 10:00,54,12,7
45年传奇出征，随处可往。跟随《传G·传奇》第五辑，与G级越野车一起行山涉水、越障飞坡。向远方，向山海，在每一个未竟之地，留下传奇的印记。#有G者事竟成# 网页链接  [组图共4张] 原图 ,2024-08-19 17:31,139,29,26
感念天地万物，悠然见南坪。循礼天下，蕴蓄百年光华，梅赛德斯-迈巴赫家族，以旷世典范，呈至臻豪华。   [组图共4张] 原图 ,2024-08-19 10:00,91,22,10
南坪雅集，蕴礼而至。随梅赛德斯-迈巴赫家族，共赴悠然胜境，赋时代新篇。  [组图共4张] 原图 ,2024-08-16 14:16,70,22,15
觅长白奇境，探天池密林。梅赛德斯-奔驰SUV家族，2024征程再启。凭借纯粹的越野基因，强悍的动力操控和智能的科技配备，无惧峰峦迭起，驾乘游刃有余，将热忱融入风光旖旎，共同#守护心中天地#。 梅赛德斯-奔驰的微博视频  ,2024-08-16 10:00,36,20,6
即刻进入#奔驰GLB SUV#的万变空间。入座可加热的前排座椅，脚踏天鹅绒脚垫，陷入无尽的细腻柔软；打开64色环境氛围照明系统，描摹光彩流动，探寻瞬息变幻之美；沉浸#柏林之声环绕立体声音响系统#的天籁殿堂，让跃动的音符拂走疲惫；透过可随心定义风格、自由触控的双10.25英寸中央触摸显示屏，畅享...全文 [组图共2张] 原图 ,2024-08-15 10:00,56,21,9
致你，乘匠心之著，享每一寸光阴，至善至臻！敬你，以经纬之驭，享车轮上的殿堂，熠熠闪耀！梅赛德斯-奔驰迈巴赫学院出行管家培训，以百年淬炼，缔造礼道杰作，助君子贤达，抵达别样奢华。 梅赛德斯-奔驰的微博视频  ,2024-08-14 10:00,44,10,12
突如其来的心潮澎湃，看尾灯行事。#EQE纯电SUV#  原图 ,2024-08-13 17:00,46,12,13
#奔驰V级MPV# 当全新双外观设计，遇见全新中控设计一如既往的超大载客空间为你带来每一排、每一座的自由伸展新一代V级MPV开启预售多重预售礼遇，限时惊喜开享网页链接  [组图共9张] 原图 ,2024-08-12 16:20,33,35,20
从清晨的微光，到黄昏的余晖，#奔驰#长情以伴。日暮星河，爱在此刻。#七夕#，于豪华细节中，见证爱意升华，定格心动一瞬。 梅赛德斯-奔驰的微博视频  ,2024-08-10 10:00,40,23,12
为心动举杯，满满爱意，涌入星河熠熠时光流转，爱生万象此刻#七夕#，愿天下有情人迈向心中所爱  [组图共6张] 原图 ,2024-08-10 09:30,48,14,9
驭万钧之力，履险如夷。#奔驰GLS SUV#  [组图共2张] 原图 ,2024-08-09 10:00,78,19,15
关于舒适，瞬间“喵”懂啦！#国际猫咪日# #奔驰e级车# #奔驰# 梅赛德斯-奔驰的微博视频  ,2024-08-08 10:00,63,24,10
#长轴距E级运动轿车#一出场，就定义了与生俱来的贵气。是多一点运动感，更多一点心动感；在无拘无束的动感之美中，诠释自由。是当下的每一刻，都要尽情享受；随可调节的座椅靠背与腿托，沉浸无边惬意。以#智能豪华，独E无二#的姿态，即刻启程。  [组图共9张] 原图 ,2024-08-08 10:00,40,20,6
#奔驰的标准# 好料更要有好厨！分贝值和“堆料”，都不是优秀NVH的全部。对这项系统性工程，奔驰以“不打补丁”的严谨流程和工程师的“金耳朵”，造就追求均衡与极致的出色NVH 梅赛德斯-奔驰的微博视频  ,2024-08-07 19:12,18,15,4
想拥有一辆奔驰，可以听听新「享」法！#奔驰官方认证二手车真享季#开始啦，「享」开奔驰、「享」换奔驰，「享」舒心易手。#奔驰二手车#官方品牌背书，车源优中之选。助你真享如新，放心奔驰。 梅赛德斯-奔驰的微博视频  ,2024-08-07 10:05,12,12,6
#今日立秋#  宜重彩奔游！#迈巴赫灵感成臻#  千里江山中国色，重彩东方奔新秋。#立秋# 梅赛德斯-奔驰的微博视频  ,2024-08-07 10:00,35,22,4
莫道君行远，相约下南坪；苍山云海树，万里竞相迎。探，王朗群青的天地至美；启，礼蕴超然的当代新章。梅赛德斯-迈巴赫，百年时光，循礼而来。 梅赛德斯-奔驰的微博视频  ,2024-08-06 17:30,64,19,8
尾灯入目，心动转瞬炙热，怦然如盛夏晚风。#奔驰CLE#  原图 ,2024-08-05 17:00,56,19,6
奔驰全新一代智舱智驾硬核科技，全球首发。即刻与“奔驰科技探索官”，一起深入奔驰数字化创新的“秘密基地”——上海研发中心，探览下一代自动驾驶和智能座舱等最新技术成果。以中国速度，领数字豪华；以奔驰标准，树行业标杆。  [组图共4张] 原图 ,2024-08-02 22:55,37,21,8
奔驰中国研究项目大揭秘！工程师带你体验#奔驰L4级自动驾驶路测# ，从奔驰研发技术中心到大兴机场，全程脱手，一起出发！ 梅赛德斯-奔驰的微博视频  ,2024-08-02 20:36,148,46,28
赛场上，从容彰显实力，于远眺间，尽情享受淋漓快意。以至臻追求，见证荣耀时刻，我们明年见！#梅赛德斯杯# ，挥洒间，洞见天地 梅赛德斯-奔驰的微博视频  ,2024-08-02 18:03,16,7,3
新一代EQB纯电SUV满载“新”动而来。短短30秒，如此“新”满意足。 #自在空间，这很奔驰# 梅赛德斯-奔驰的微博视频  ,2024-08-02 10:00,13,12,3
新一代EQA纯电SUV，满满“新”意，一次看个够！#自由灵动，这很奔驰# 梅赛德斯-奔驰的微博视频  ,2024-08-02 10:00,12,11,5
"在电动世界里，探享生活与驾驶的双重乐趣要将生活质感刻画于心，去把淋漓动感彰显于行新一代梅赛德斯-奔驰EQA纯电SUV及EQB纯电SUV焕新上市厂商建议零售价(人民币) 新一代EQA 260纯电SUV：322,000元 新一代EQB 260纯电SUV：352,000元 新一代EQB 350 4MATIC纯电SUV：428,000元 ...全文 [组图共9张] 原图 ",2024-08-01 12:25,23,12,6
当理性与感性相遇，探享生活与驾驶的双重乐趣新一代梅赛德斯-奔驰EQA纯电SUV与EQB纯电SUV焕新上市 #每种感觉，都很奔驰#  梅赛德斯-奔驰的微博视频  ,2024-08-01 12:00,20,11,3
